city,year,population
Alicante/Alacant,2025,2030037
Alicante/Alacant,2024,1991259
Alicante/Alacant,2023,1950357
Alicante/Alacant,2022,1901594
Alicante/Alacant,2021,1881762
Alicante/Alacant,2020,1879888
Alicante/Alacant,2019,1858683
Alicante/Alacant,2018,1838819
Alicante/Alacant,2017,1825332
Alicante/Alacant,2016,1836459
Alicante/Alacant,2015,1855047
Alicante/Alacant,2014,1868438
Alicante/Alacant,2013,1945642
Alicante/Alacant,2012,1943910
Alicante/Alacant,2011,1934127
Alicante/Alacant,2010,1926285
Alicante/Alacant,2009,1917012
Alicante/Alacant,2008,1891477
Alicante/Alacant,2007,1825264
Alicante/Alacant,2006,1783555
Alicante/Alacant,2005,1732389
Alicante/Alacant,2004,1657040
Alicante/Alacant,2003,1632349
Alicante/Alacant,2002,1557968
Alicante/Alacant,2001,1490265
Alicante/Alacant,2000,1445144
Alicante/Alacant,1999,1410946
Alicante/Alacant,1998,1388933
Alicante/Alacant,1996,1379762
Agost,2025,5225
Agost,2024,5107
Agost,2023,5067
Agost,2022,4948
Agost,2021,4906
Agost,2020,4794
Agost,2019,4758
Agost,2018,4713
Agost,2017,4703
Agost,2016,4729
Agost,2015,4707
Agost,2014,4752
Agost,2013,4787
Agost,2012,4791
Agost,2011,4831
Agost,2010,4818
Agost,2009,4810
Agost,2008,4813
Agost,2007,4766
Agost,2006,4723
Agost,2005,4601
Agost,2004,4517
Agost,2003,4451
Agost,2002,4284
Agost,2001,4146
Agost,2000,4095
Agost,1999,4053
Agost,1998,4023
Agost,1996,4017
Agres,2025,623
Agres,2024,610
Agres,2023,619
Agres,2022,589
Agres,2021,580
Agres,2020,564
Agres,2019,565
Agres,2018,551
Agres,2017,549
Agres,2016,565
Agres,2015,574
Agres,2014,583
Agres,2013,565
Agres,2012,598
Agres,2011,610
Agres,2010,599
Agres,2009,619
Agres,2008,627
Agres,2007,623
Agres,2006,614
Agres,2005,653
Agres,2004,671
Agres,2003,622
Agres,2002,623
Agres,2001,632
Agres,2000,639
Agres,1999,649
Agres,1998,651
Agres,1996,656
Aigües,2025,1199
Aigües,2024,1189
Aigües,2023,1146
Aigües,2022,1085
Aigües,2021,1049
Aigües,2020,986
Aigües,2019,963
Aigües,2018,936
Aigües,2017,913
Aigües,2016,921
Aigües,2015,937
Aigües,2014,984
Aigües,2013,1073
Aigües,2012,1105
Aigües,2011,1118
Aigües,2010,1084
Aigües,2009,1064
Aigües,2008,1047
Aigües,2007,951
Aigües,2006,827
Aigües,2005,801
Aigües,2004,737
Aigües,2003,637
Aigües,2002,624
Aigües,2001,592
Aigües,2000,581
Aigües,1999,579
Aigües,1998,558
Aigües,1996,544
Albatera,2025,13566
Albatera,2024,13296
Albatera,2023,13092
Albatera,2022,12864
Albatera,2021,12714
Albatera,2020,12474
Albatera,2019,12279
Albatera,2018,12042
Albatera,2017,11850
Albatera,2016,11756
Albatera,2015,11780
Albatera,2014,11767
Albatera,2013,11983
Albatera,2012,11936
Albatera,2011,11901
Albatera,2010,11821
Albatera,2009,11745
Albatera,2008,11656
Albatera,2007,11102
Albatera,2006,10878
Albatera,2005,10449
Albatera,2004,10001
Albatera,2003,9636
Albatera,2002,9363
Albatera,2001,9080
Albatera,2000,8811
Albatera,1999,8661
Albatera,1998,8521
Albatera,1996,8417
Alcalalí,2025,1428
Alcalalí,2024,1406
Alcalalí,2023,1397
Alcalalí,2022,1349
Alcalalí,2021,1336
Alcalalí,2020,1302
Alcalalí,2019,1278
Alcalalí,2018,1298
Alcalalí,2017,1276
Alcalalí,2016,1291
Alcalalí,2015,1311
Alcalalí,2014,1350
Alcalalí,2013,1401
Alcalalí,2012,1433
Alcalalí,2011,1433
Alcalalí,2010,1524
Alcalalí,2009,1507
Alcalalí,2008,1500
Alcalalí,2007,1395
Alcalalí,2006,1418
Alcalalí,2005,1352
Alcalalí,2004,1216
Alcalalí,2003,1150
Alcalalí,2002,1081
Alcalalí,2001,1024
Alcalalí,2000,981
Alcalalí,1999,941
Alcalalí,1998,818
Alcalalí,1996,842
Alcoleja,2025,184
Alcoleja,2024,186
Alcoleja,2023,188
Alcoleja,2022,196
Alcoleja,2021,181
Alcoleja,2020,177
Alcoleja,2019,173
Alcoleja,2018,180
Alcoleja,2017,185
Alcoleja,2016,194
Alcoleja,2015,184
Alcoleja,2014,191
Alcoleja,2013,199
Alcoleja,2012,204
Alcoleja,2011,193
Alcoleja,2010,201
Alcoleja,2009,206
Alcoleja,2008,211
Alcoleja,2007,219
Alcoleja,2006,213
Alcoleja,2005,228
Alcoleja,2004,241
Alcoleja,2003,244
Alcoleja,2002,245
Alcoleja,2001,256
Alcoleja,2000,257
Alcoleja,1999,271
Alcoleja,1998,279
Alcoleja,1996,294
Alcosser,2025,263
Alcosser,2024,259
Alcosser,2023,259
Alcosser,2022,254
Alcosser,2021,243
Alcosser,2020,226
Alcosser,2019,230
Alcosser,2018,229
Alcosser,2017,230
Alcosser,2016,221
Alcosser,2015,216
Alcosser,2014,238
Alcosser,2013,241
Alcosser,2012,233
Alcosser,2011,231
Alcosser,2010,230
Alcosser,2009,228
Alcosser,2008,234
Alcosser,2007,216
Alcosser,2006,194
Alcosser,2005,179
Alcosser,2004,177
Alcosser,2003,164
Alcosser,2002,154
Alcosser,2001,138
Alcosser,2000,129
Alcosser,1999,123
Alcosser,1998,130
Alcosser,1996,122
Alcoi/Alcoy,2025,61468
Alcoi/Alcoy,2024,60372
Alcoi/Alcoy,2023,59493
Alcoi/Alcoy,2022,58960
Alcoi/Alcoy,2021,59128
Alcoi/Alcoy,2020,59354
Alcoi/Alcoy,2019,58994
Alcoi/Alcoy,2018,58977
Alcoi/Alcoy,2017,59106
Alcoi/Alcoy,2016,59198
Alcoi/Alcoy,2015,59567
Alcoi/Alcoy,2014,59675
Alcoi/Alcoy,2013,60105
Alcoi/Alcoy,2012,60837
Alcoi/Alcoy,2011,61093
Alcoi/Alcoy,2010,61417
Alcoi/Alcoy,2009,61552
Alcoi/Alcoy,2008,61698
Alcoi/Alcoy,2007,60700
Alcoi/Alcoy,2006,60590
Alcoi/Alcoy,2005,60931
Alcoi/Alcoy,2004,60532
Alcoi/Alcoy,2003,60036
Alcoi/Alcoy,2002,60465
Alcoi/Alcoy,2001,60288
Alcoi/Alcoy,2000,60423
Alcoi/Alcoy,1999,60476
Alcoi/Alcoy,1998,60476
Alcoi/Alcoy,1996,60921
Alfafara,2025,419
Alfafara,2024,413
Alfafara,2023,419
Alfafara,2022,417
Alfafara,2021,408
Alfafara,2020,406
Alfafara,2019,410
Alfafara,2018,407
Alfafara,2017,405
Alfafara,2016,399
Alfafara,2015,406
Alfafara,2014,418
Alfafara,2013,415
Alfafara,2012,419
Alfafara,2011,424
Alfafara,2010,419
Alfafara,2009,413
Alfafara,2008,422
Alfafara,2007,430
Alfafara,2006,422
Alfafara,2005,430
Alfafara,2004,426
Alfafara,2003,411
Alfafara,2002,406
Alfafara,2001,389
Alfafara,2000,394
Alfafara,1999,388
Alfafara,1998,392
Alfafara,1996,391
"Alfàs del Pi, l'",2025,21080
"Alfàs del Pi, l'",2024,20160
"Alfàs del Pi, l'",2023,20518
"Alfàs del Pi, l'",2022,20668
"Alfàs del Pi, l'",2021,20495
"Alfàs del Pi, l'",2020,20042
"Alfàs del Pi, l'",2019,20482
"Alfàs del Pi, l'",2018,20053
"Alfàs del Pi, l'",2017,18394
"Alfàs del Pi, l'",2016,21494
"Alfàs del Pi, l'",2015,21700
"Alfàs del Pi, l'",2014,21357
"Alfàs del Pi, l'",2013,21969
"Alfàs del Pi, l'",2012,21964
"Alfàs del Pi, l'",2011,21670
"Alfàs del Pi, l'",2010,21332
"Alfàs del Pi, l'",2009,21011
"Alfàs del Pi, l'",2008,20939
"Alfàs del Pi, l'",2007,19913
"Alfàs del Pi, l'",2006,18469
"Alfàs del Pi, l'",2005,16843
"Alfàs del Pi, l'",2004,14656
"Alfàs del Pi, l'",2003,16164
"Alfàs del Pi, l'",2002,15848
"Alfàs del Pi, l'",2001,14980
"Alfàs del Pi, l'",2000,14139
"Alfàs del Pi, l'",1999,13226
"Alfàs del Pi, l'",1998,13145
"Alfàs del Pi, l'",1996,12547
Algorfa,2025,3788
Algorfa,2024,3684
Algorfa,2023,3635
Algorfa,2022,3513
Algorfa,2021,3396
Algorfa,2020,3125
Algorfa,2019,2935
Algorfa,2018,2838
Algorfa,2017,2761
Algorfa,2016,3222
Algorfa,2015,3693
Algorfa,2014,3799
Algorfa,2013,5004
Algorfa,2012,4755
Algorfa,2011,4625
Algorfa,2010,4537
Algorfa,2009,4346
Algorfa,2008,4125
Algorfa,2007,3645
Algorfa,2006,2914
Algorfa,2005,2297
Algorfa,2004,1956
Algorfa,2003,1782
Algorfa,2002,1589
Algorfa,2001,1507
Algorfa,2000,1243
Algorfa,1999,1220
Algorfa,1998,1168
Algorfa,1996,1140
Algueña,2025,1328
Algueña,2024,1342
Algueña,2023,1395
Algueña,2022,1351
Algueña,2021,1334
Algueña,2020,1326
Algueña,2019,1336
Algueña,2018,1341
Algueña,2017,1372
Algueña,2016,1391
Algueña,2015,1413
Algueña,2014,1457
Algueña,2013,1528
Algueña,2012,1527
Algueña,2011,1503
Algueña,2010,1530
Algueña,2009,1551
Algueña,2008,1561
Algueña,2007,1515
Algueña,2006,1528
Algueña,2005,1501
Algueña,2004,1452
Algueña,2003,1449
Algueña,2002,1464
Algueña,2001,1454
Algueña,2000,1447
Algueña,1999,1459
Algueña,1998,1428
Algueña,1996,1425
Alacant/Alicante,2025,366221
Alacant/Alicante,2024,358720
Alacant/Alicante,2023,349282
Alacant/Alicante,2022,338577
Alacant/Alicante,2021,337304
Alacant/Alicante,2020,337482
Alacant/Alicante,2019,334887
Alacant/Alicante,2018,331577
Alacant/Alicante,2017,329988
Alacant/Alicante,2016,330525
Alacant/Alicante,2015,328648
Alacant/Alicante,2014,332067
Alacant/Alicante,2013,335052
Alacant/Alicante,2012,334678
Alacant/Alicante,2011,334329
Alacant/Alicante,2010,334418
Alacant/Alicante,2009,334757
Alacant/Alicante,2008,331750
Alacant/Alicante,2007,322673
Alacant/Alicante,2006,322431
Alacant/Alicante,2005,319380
Alacant/Alicante,2004,310330
Alacant/Alicante,2003,305911
Alacant/Alicante,2002,293629
Alacant/Alicante,2001,283243
Alacant/Alicante,2000,276886
Alacant/Alicante,1999,272432
Alacant/Alicante,1998,272432
Alacant/Alicante,1996,274577
Almoradí,2025,22965
Almoradí,2024,22464
Almoradí,2023,21874
Almoradí,2022,21401
Almoradí,2021,21404
Almoradí,2020,21208
Almoradí,2019,20803
Almoradí,2018,20542
Almoradí,2017,20332
Almoradí,2016,20138
Almoradí,2015,19955
Almoradí,2014,19992
Almoradí,2013,19788
Almoradí,2012,19601
Almoradí,2011,19371
Almoradí,2010,19598
Almoradí,2009,19147
Almoradí,2008,18536
Almoradí,2007,17945
Almoradí,2006,17494
Almoradí,2005,16547
Almoradí,2004,15450
Almoradí,2003,14904
Almoradí,2002,14334
Almoradí,2001,13995
Almoradí,2000,13807
Almoradí,1999,13606
Almoradí,1998,13499
Almoradí,1996,13479
Almudaina,2025,128
Almudaina,2024,118
Almudaina,2023,110
Almudaina,2022,112
Almudaina,2021,117
Almudaina,2020,109
Almudaina,2019,113
Almudaina,2018,104
Almudaina,2017,113
Almudaina,2016,119
Almudaina,2015,114
Almudaina,2014,112
Almudaina,2013,128
Almudaina,2012,129
Almudaina,2011,131
Almudaina,2010,132
Almudaina,2009,129
Almudaina,2008,129
Almudaina,2007,127
Almudaina,2006,119
Almudaina,2005,116
Almudaina,2004,111
Almudaina,2003,108
Almudaina,2002,113
Almudaina,2001,112
Almudaina,2000,117
Almudaina,1999,111
Almudaina,1998,118
Almudaina,1996,125
"Alqueria d'Asnar, l'",2025,519
"Alqueria d'Asnar, l'",2024,519
"Alqueria d'Asnar, l'",2023,511
"Alqueria d'Asnar, l'",2022,489
"Alqueria d'Asnar, l'",2021,498
"Alqueria d'Asnar, l'",2020,493
"Alqueria d'Asnar, l'",2019,493
"Alqueria d'Asnar, l'",2018,491
"Alqueria d'Asnar, l'",2017,496
"Alqueria d'Asnar, l'",2016,517
"Alqueria d'Asnar, l'",2015,522
"Alqueria d'Asnar, l'",2014,527
"Alqueria d'Asnar, l'",2013,512
"Alqueria d'Asnar, l'",2012,515
"Alqueria d'Asnar, l'",2011,508
"Alqueria d'Asnar, l'",2010,494
"Alqueria d'Asnar, l'",2009,508
"Alqueria d'Asnar, l'",2008,470
"Alqueria d'Asnar, l'",2007,455
"Alqueria d'Asnar, l'",2006,453
"Alqueria d'Asnar, l'",2005,449
"Alqueria d'Asnar, l'",2004,410
"Alqueria d'Asnar, l'",2003,402
"Alqueria d'Asnar, l'",2002,432
"Alqueria d'Asnar, l'",2001,432
"Alqueria d'Asnar, l'",2000,418
"Alqueria d'Asnar, l'",1999,416
"Alqueria d'Asnar, l'",1998,395
"Alqueria d'Asnar, l'",1996,407
Altea,2025,24592
Altea,2024,23963
Altea,2023,23820
Altea,2022,23010
Altea,2021,22657
Altea,2020,22558
Altea,2019,22290
Altea,2018,21995
Altea,2017,21813
Altea,2016,21739
Altea,2015,22385
Altea,2014,22518
Altea,2013,24333
Altea,2012,24298
Altea,2011,24056
Altea,2010,24006
Altea,2009,23780
Altea,2008,23532
Altea,2007,22648
Altea,2006,21898
Altea,2005,21154
Altea,2004,19514
Altea,2003,18976
Altea,2002,17608
Altea,2001,16294
Altea,2000,15579
Altea,1999,14711
Altea,1998,13976
Altea,1996,13519
Aspe,2025,22397
Aspe,2024,21969
Aspe,2023,21473
Aspe,2022,21191
Aspe,2021,21088
Aspe,2020,20804
Aspe,2019,20714
Aspe,2018,20537
Aspe,2017,20425
Aspe,2016,20482
Aspe,2015,20406
Aspe,2014,20248
Aspe,2013,20341
Aspe,2012,20309
Aspe,2011,20292
Aspe,2010,20360
Aspe,2009,20180
Aspe,2008,19893
Aspe,2007,19246
Aspe,2006,18821
Aspe,2005,18203
Aspe,2004,17833
Aspe,2003,17423
Aspe,2002,16976
Aspe,2001,16692
Aspe,2000,16593
Aspe,1999,16492
Aspe,1998,16406
Aspe,1996,16391
"Atzúbia, l'",2025,589
"Atzúbia, l'",2024,594
"Atzúbia, l'",2023,608
"Atzúbia, l'",2022,616
"Atzúbia, l'",2021,609
"Atzúbia, l'",2020,611
"Atzúbia, l'",2019,632
"Atzúbia, l'",2018,661
"Atzúbia, l'",2017,664
"Atzúbia, l'",2016,689
"Atzúbia, l'",2015,632
"Atzúbia, l'",2014,627
"Atzúbia, l'",2013,744
"Atzúbia, l'",2012,749
"Atzúbia, l'",2011,730
"Atzúbia, l'",2010,695
"Atzúbia, l'",2009,693
"Atzúbia, l'",2008,686
"Atzúbia, l'",2007,668
"Atzúbia, l'",2006,627
"Atzúbia, l'",2005,611
"Atzúbia, l'",2004,635
"Atzúbia, l'",2003,587
"Atzúbia, l'",2002,605
"Atzúbia, l'",2001,570
"Atzúbia, l'",2000,547
"Atzúbia, l'",1999,558
"Atzúbia, l'",1998,579
"Atzúbia, l'",1996,582
Balones,2025,132
Balones,2024,131
Balones,2023,119
Balones,2022,126
Balones,2021,134
Balones,2020,128
Balones,2019,131
Balones,2018,122
Balones,2017,128
Balones,2016,129
Balones,2015,133
Balones,2014,139
Balones,2013,147
Balones,2012,157
Balones,2011,162
Balones,2010,156
Balones,2009,163
Balones,2008,157
Balones,2007,163
Balones,2006,160
Balones,2005,169
Balones,2004,171
Balones,2003,172
Balones,2002,180
Balones,2001,184
Balones,2000,183
Balones,1999,181
Balones,1998,178
Balones,1996,176
Banyeres de Mariola,2025,7347
Banyeres de Mariola,2024,7307
Banyeres de Mariola,2023,7255
Banyeres de Mariola,2022,7201
Banyeres de Mariola,2021,7113
Banyeres de Mariola,2020,7090
Banyeres de Mariola,2019,7068
Banyeres de Mariola,2018,7113
Banyeres de Mariola,2017,7102
Banyeres de Mariola,2016,7108
Banyeres de Mariola,2015,7155
Banyeres de Mariola,2014,7174
Banyeres de Mariola,2013,7157
Banyeres de Mariola,2012,7222
Banyeres de Mariola,2011,7200
Banyeres de Mariola,2010,7229
Banyeres de Mariola,2009,7240
Banyeres de Mariola,2008,7194
Banyeres de Mariola,2007,7193
Banyeres de Mariola,2006,7237
Banyeres de Mariola,2005,7282
Banyeres de Mariola,2004,7314
Banyeres de Mariola,2003,7321
Banyeres de Mariola,2002,7050
Banyeres de Mariola,2001,6983
Banyeres de Mariola,2000,6906
Banyeres de Mariola,1999,6848
Banyeres de Mariola,1998,6848
Banyeres de Mariola,1996,7056
Benasau,2025,174
Benasau,2024,171
Benasau,2023,173
Benasau,2022,171
Benasau,2021,170
Benasau,2020,156
Benasau,2019,151
Benasau,2018,156
Benasau,2017,157
Benasau,2016,158
Benasau,2015,155
Benasau,2014,158
Benasau,2013,157
Benasau,2012,174
Benasau,2011,178
Benasau,2010,171
Benasau,2009,190
Benasau,2008,198
Benasau,2007,210
Benasau,2006,210
Benasau,2005,222
Benasau,2004,237
Benasau,2003,233
Benasau,2002,196
Benasau,2001,187
Benasau,2000,189
Benasau,1999,195
Benasau,1998,200
Benasau,1996,210
Beneixama,2025,1696
Beneixama,2024,1679
Beneixama,2023,1697
Beneixama,2022,1705
Beneixama,2021,1707
Beneixama,2020,1690
Beneixama,2019,1685
Beneixama,2018,1703
Beneixama,2017,1710
Beneixama,2016,1712
Beneixama,2015,1746
Beneixama,2014,1738
Beneixama,2013,1778
Beneixama,2012,1792
Beneixama,2011,1817
Beneixama,2010,1820
Beneixama,2009,1811
Beneixama,2008,1837
Beneixama,2007,1828
Beneixama,2006,1802
Beneixama,2005,1886
Beneixama,2004,1939
Beneixama,2003,1931
Beneixama,2002,1816
Beneixama,2001,1840
Beneixama,2000,1795
Beneixama,1999,1796
Beneixama,1998,1796
Beneixama,1996,1799
Benejúzar,2025,5811
Benejúzar,2024,5697
Benejúzar,2023,5625
Benejúzar,2022,5480
Benejúzar,2021,5453
Benejúzar,2020,5435
Benejúzar,2019,5402
Benejúzar,2018,5361
Benejúzar,2017,5372
Benejúzar,2016,5364
Benejúzar,2015,5398
Benejúzar,2014,5394
Benejúzar,2013,5453
Benejúzar,2012,5425
Benejúzar,2011,5459
Benejúzar,2010,5474
Benejúzar,2009,5467
Benejúzar,2008,5472
Benejúzar,2007,5419
Benejúzar,2006,5306
Benejúzar,2005,5249
Benejúzar,2004,5216
Benejúzar,2003,5114
Benejúzar,2002,5019
Benejúzar,2001,5007
Benejúzar,2000,4942
Benejúzar,1999,5067
Benejúzar,1998,5067
Benejúzar,1996,5009
Benferri,2025,2099
Benferri,2024,2053
Benferri,2023,2023
Benferri,2022,1955
Benferri,2021,1958
Benferri,2020,1965
Benferri,2019,1942
Benferri,2018,1940
Benferri,2017,1923
Benferri,2016,1920
Benferri,2015,1899
Benferri,2014,1910
Benferri,2013,1927
Benferri,2012,1934
Benferri,2011,1925
Benferri,2010,1892
Benferri,2009,1876
Benferri,2008,1746
Benferri,2007,1601
Benferri,2006,1493
Benferri,2005,1385
Benferri,2004,1351
Benferri,2003,1188
Benferri,2002,1138
Benferri,2001,1098
Benferri,2000,1055
Benferri,1999,1026
Benferri,1998,982
Benferri,1996,1011
Beniarbeig,2025,2499
Beniarbeig,2024,2384
Beniarbeig,2023,2353
Beniarbeig,2022,2267
Beniarbeig,2021,2227
Beniarbeig,2020,2159
Beniarbeig,2019,2092
Beniarbeig,2018,1983
Beniarbeig,2017,1919
Beniarbeig,2016,1917
Beniarbeig,2015,1926
Beniarbeig,2014,1859
Beniarbeig,2013,1915
Beniarbeig,2012,1902
Beniarbeig,2011,1883
Beniarbeig,2010,1888
Beniarbeig,2009,1997
Beniarbeig,2008,1889
Beniarbeig,2007,1729
Beniarbeig,2006,1615
Beniarbeig,2005,1548
Beniarbeig,2004,1455
Beniarbeig,2003,1358
Beniarbeig,2002,1344
Beniarbeig,2001,1254
Beniarbeig,2000,1172
Beniarbeig,1999,1205
Beniarbeig,1998,1205
Beniarbeig,1996,1208
Beniardà,2025,226
Beniardà,2024,235
Beniardà,2023,252
Beniardà,2022,218
Beniardà,2021,192
Beniardà,2020,200
Beniardà,2019,232
Beniardà,2018,178
Beniardà,2017,183
Beniardà,2016,202
Beniardà,2015,227
Beniardà,2014,208
Beniardà,2013,188
Beniardà,2012,248
Beniardà,2011,222
Beniardà,2010,230
Beniardà,2009,238
Beniardà,2008,258
Beniardà,2007,220
Beniardà,2006,208
Beniardà,2005,235
Beniardà,2004,199
Beniardà,2003,215
Beniardà,2002,193
Beniardà,2001,200
Beniardà,2000,205
Beniardà,1999,209
Beniardà,1998,216
Beniardà,1996,224
Beniarrés,2025,1117
Beniarrés,2024,1096
Beniarrés,2023,1089
Beniarrés,2022,1078
Beniarrés,2021,1083
Beniarrés,2020,1099
Beniarrés,2019,1118
Beniarrés,2018,1118
Beniarrés,2017,1137
Beniarrés,2016,1164
Beniarrés,2015,1208
Beniarrés,2014,1254
Beniarrés,2013,1268
Beniarrés,2012,1271
Beniarrés,2011,1295
Beniarrés,2010,1317
Beniarrés,2009,1323
Beniarrés,2008,1323
Beniarrés,2007,1335
Beniarrés,2006,1324
Beniarrés,2005,1380
Beniarrés,2004,1363
Beniarrés,2003,1396
Beniarrés,2002,1387
Beniarrés,2001,1402
Beniarrés,2000,1397
Beniarrés,1999,1414
Beniarrés,1998,1447
Beniarrés,1996,1464
Benidoleig,2025,1245
Benidoleig,2024,1219
Benidoleig,2023,1218
Benidoleig,2022,1232
Benidoleig,2021,1166
Benidoleig,2020,1078
Benidoleig,2019,1095
Benidoleig,2018,1110
Benidoleig,2017,1080
Benidoleig,2016,1117
Benidoleig,2015,1196
Benidoleig,2014,1189
Benidoleig,2013,1333
Benidoleig,2012,1315
Benidoleig,2011,1305
Benidoleig,2010,1261
Benidoleig,2009,1275
Benidoleig,2008,1221
Benidoleig,2007,1139
Benidoleig,2006,1113
Benidoleig,2005,1044
Benidoleig,2004,995
Benidoleig,2003,972
Benidoleig,2002,967
Benidoleig,2001,910
Benidoleig,2000,860
Benidoleig,1999,817
Benidoleig,1998,781
Benidoleig,1996,783
Benidorm,2025,77327
Benidorm,2024,74663
Benidorm,2023,72342
Benidorm,2022,69738
Benidorm,2021,69118
Benidorm,2020,70450
Benidorm,2019,68721
Benidorm,2018,67558
Benidorm,2017,66831
Benidorm,2016,66642
Benidorm,2015,69045
Benidorm,2014,69010
Benidorm,2013,73768
Benidorm,2012,72991
Benidorm,2011,72062
Benidorm,2010,71198
Benidorm,2009,71034
Benidorm,2008,70280
Benidorm,2007,69058
Benidorm,2006,67627
Benidorm,2005,67492
Benidorm,2004,64956
Benidorm,2003,64267
Benidorm,2002,61352
Benidorm,2001,57227
Benidorm,2000,54321
Benidorm,1999,52845
Benidorm,1998,50946
Benidorm,1996,50040
Benifallim,2025,130
Benifallim,2024,116
Benifallim,2023,111
Benifallim,2022,106
Benifallim,2021,103
Benifallim,2020,104
Benifallim,2019,105
Benifallim,2018,108
Benifallim,2017,111
Benifallim,2016,114
Benifallim,2015,114
Benifallim,2014,121
Benifallim,2013,123
Benifallim,2012,110
Benifallim,2011,115
Benifallim,2010,114
Benifallim,2009,109
Benifallim,2008,115
Benifallim,2007,125
Benifallim,2006,127
Benifallim,2005,124
Benifallim,2004,132
Benifallim,2003,138
Benifallim,2002,140
Benifallim,2001,141
Benifallim,2000,148
Benifallim,1999,147
Benifallim,1998,151
Benifallim,1996,169
Benifato,2025,162
Benifato,2024,144
Benifato,2023,140
Benifato,2022,139
Benifato,2021,135
Benifato,2020,136
Benifato,2019,140
Benifato,2018,149
Benifato,2017,148
Benifato,2016,158
Benifato,2015,156
Benifato,2014,168
Benifato,2013,198
Benifato,2012,202
Benifato,2011,201
Benifato,2010,199
Benifato,2009,187
Benifato,2008,194
Benifato,2007,188
Benifato,2006,175
Benifato,2005,165
Benifato,2004,173
Benifato,2003,168
Benifato,2002,164
Benifato,2001,155
Benifato,2000,148
Benifato,1999,138
Benifato,1998,136
Benifato,1996,140
Benigembla,2025,590
Benigembla,2024,559
Benigembla,2023,537
Benigembla,2022,512
Benigembla,2021,483
Benigembla,2020,443
Benigembla,2019,490
Benigembla,2018,444
Benigembla,2017,433
Benigembla,2016,419
Benigembla,2015,490
Benigembla,2014,508
Benigembla,2013,566
Benigembla,2012,583
Benigembla,2011,606
Benigembla,2010,580
Benigembla,2009,589
Benigembla,2008,571
Benigembla,2007,570
Benigembla,2006,563
Benigembla,2005,559
Benigembla,2004,531
Benigembla,2003,509
Benigembla,2002,452
Benigembla,2001,380
Benigembla,2000,392
Benigembla,1999,389
Benigembla,1998,382
Benigembla,1996,390
Benijófar,2025,3679
Benijófar,2024,3471
Benijófar,2023,3473
Benijófar,2022,3427
Benijófar,2021,3323
Benijófar,2020,3293
Benijófar,2019,3322
Benijófar,2018,3357
Benijófar,2017,3290
Benijófar,2016,3163
Benijófar,2015,3655
Benijófar,2014,3791
Benijófar,2013,3514
Benijófar,2012,4207
Benijófar,2011,4153
Benijófar,2010,4004
Benijófar,2009,3976
Benijófar,2008,3900
Benijófar,2007,3707
Benijófar,2006,3541
Benijófar,2005,3380
Benijófar,2004,3138
Benijófar,2003,2830
Benijófar,2002,2434
Benijófar,2001,2132
Benijófar,2000,1866
Benijófar,1999,1655
Benijófar,1998,1621
Benijófar,1996,1592
Benilloba,2025,744
Benilloba,2024,747
Benilloba,2023,737
Benilloba,2022,740
Benilloba,2021,737
Benilloba,2020,726
Benilloba,2019,724
Benilloba,2018,742
Benilloba,2017,755
Benilloba,2016,769
Benilloba,2015,786
Benilloba,2014,789
Benilloba,2013,794
Benilloba,2012,800
Benilloba,2011,811
Benilloba,2010,821
Benilloba,2009,839
Benilloba,2008,837
Benilloba,2007,843
Benilloba,2006,847
Benilloba,2005,874
Benilloba,2004,891
Benilloba,2003,903
Benilloba,2002,893
Benilloba,2001,933
Benilloba,2000,922
Benilloba,1999,920
Benilloba,1998,926
Benilloba,1996,961
Benillup,2025,110
Benillup,2024,109
Benillup,2023,105
Benillup,2022,108
Benillup,2021,101
Benillup,2020,100
Benillup,2019,97
Benillup,2018,94
Benillup,2017,102
Benillup,2016,100
Benillup,2015,101
Benillup,2014,104
Benillup,2013,110
Benillup,2012,106
Benillup,2011,97
Benillup,2010,98
Benillup,2009,99
Benillup,2008,102
Benillup,2007,101
Benillup,2006,98
Benillup,2005,102
Benillup,2004,93
Benillup,2003,92
Benillup,2002,93
Benillup,2001,92
Benillup,2000,93
Benillup,1999,94
Benillup,1998,95
Benillup,1996,105
Benimantell,2025,548
Benimantell,2024,548
Benimantell,2023,534
Benimantell,2022,499
Benimantell,2021,501
Benimantell,2020,497
Benimantell,2019,483
Benimantell,2018,490
Benimantell,2017,495
Benimantell,2016,494
Benimantell,2015,501
Benimantell,2014,499
Benimantell,2013,487
Benimantell,2012,518
Benimantell,2011,512
Benimantell,2010,514
Benimantell,2009,490
Benimantell,2008,472
Benimantell,2007,466
Benimantell,2006,468
Benimantell,2005,487
Benimantell,2004,447
Benimantell,2003,443
Benimantell,2002,378
Benimantell,2001,401
Benimantell,2000,415
Benimantell,1999,419
Benimantell,1998,417
Benimantell,1996,432
Benimarfull,2025,465
Benimarfull,2024,447
Benimarfull,2023,422
Benimarfull,2022,410
Benimarfull,2021,397
Benimarfull,2020,396
Benimarfull,2019,409
Benimarfull,2018,413
Benimarfull,2017,418
Benimarfull,2016,427
Benimarfull,2015,433
Benimarfull,2014,431
Benimarfull,2013,423
Benimarfull,2012,417
Benimarfull,2011,408
Benimarfull,2010,414
Benimarfull,2009,440
Benimarfull,2008,440
Benimarfull,2007,441
Benimarfull,2006,433
Benimarfull,2005,441
Benimarfull,2004,455
Benimarfull,2003,443
Benimarfull,2002,415
Benimarfull,2001,408
Benimarfull,2000,410
Benimarfull,1999,406
Benimarfull,1998,407
Benimarfull,1996,408
Benimassot,2025,85
Benimassot,2024,96
Benimassot,2023,105
Benimassot,2022,93
Benimassot,2021,97
Benimassot,2020,103
Benimassot,2019,106
Benimassot,2018,96
Benimassot,2017,99
Benimassot,2016,99
Benimassot,2015,111
Benimassot,2014,113
Benimassot,2013,113
Benimassot,2012,125
Benimassot,2011,129
Benimassot,2010,129
Benimassot,2009,123
Benimassot,2008,125
Benimassot,2007,131
Benimassot,2006,137
Benimassot,2005,140
Benimassot,2004,137
Benimassot,2003,140
Benimassot,2002,142
Benimassot,2001,146
Benimassot,2000,173
Benimassot,1999,185
Benimassot,1998,108
Benimassot,1996,122
Benimeli,2025,474
Benimeli,2024,453
Benimeli,2023,455
Benimeli,2022,419
Benimeli,2021,415
Benimeli,2020,429
Benimeli,2019,418
Benimeli,2018,410
Benimeli,2017,391
Benimeli,2016,384
Benimeli,2015,416
Benimeli,2014,419
Benimeli,2013,435
Benimeli,2012,424
Benimeli,2011,420
Benimeli,2010,413
Benimeli,2009,402
Benimeli,2008,427
Benimeli,2007,429
Benimeli,2006,389
Benimeli,2005,363
Benimeli,2004,355
Benimeli,2003,332
Benimeli,2002,336
Benimeli,2001,336
Benimeli,2000,326
Benimeli,1999,329
Benimeli,1998,331
Benimeli,1996,329
Benissa,2025,12471
Benissa,2024,12317
Benissa,2023,12279
Benissa,2022,11871
Benissa,2021,11462
Benissa,2020,11288
Benissa,2019,11005
Benissa,2018,10768
Benissa,2017,10879
Benissa,2016,11000
Benissa,2015,11598
Benissa,2014,11572
Benissa,2013,13932
Benissa,2012,13808
Benissa,2011,13536
Benissa,2010,13369
Benissa,2009,13221
Benissa,2008,13140
Benissa,2007,12690
Benissa,2006,12424
Benissa,2005,11935
Benissa,2004,11405
Benissa,2003,12098
Benissa,2002,11051
Benissa,2001,10556
Benissa,2000,10078
Benissa,1999,9687
Benissa,1998,9368
Benissa,1996,9154
"Poble Nou de Benitatxell, el/Benitachell",2025,4911
"Poble Nou de Benitatxell, el/Benitachell",2024,4851
"Poble Nou de Benitatxell, el/Benitachell",2023,4858
"Poble Nou de Benitatxell, el/Benitachell",2022,4687
"Poble Nou de Benitatxell, el/Benitachell",2021,4447
"Poble Nou de Benitatxell, el/Benitachell",2020,4452
"Poble Nou de Benitatxell, el/Benitachell",2019,4276
"Poble Nou de Benitatxell, el/Benitachell",2018,4130
"Poble Nou de Benitatxell, el/Benitachell",2017,4020
"Poble Nou de Benitatxell, el/Benitachell",2016,4104
"Poble Nou de Benitatxell, el/Benitachell",2015,4690
"Poble Nou de Benitatxell, el/Benitachell",2014,4659
"Poble Nou de Benitatxell, el/Benitachell",2013,5720
"Poble Nou de Benitatxell, el/Benitachell",2012,5698
"Poble Nou de Benitatxell, el/Benitachell",2011,5568
"Poble Nou de Benitatxell, el/Benitachell",2010,5488
"Poble Nou de Benitatxell, el/Benitachell",2009,5399
"Poble Nou de Benitatxell, el/Benitachell",2008,5216
"Poble Nou de Benitatxell, el/Benitachell",2007,4773
"Poble Nou de Benitatxell, el/Benitachell",2006,4276
"Poble Nou de Benitatxell, el/Benitachell",2005,3808
"Poble Nou de Benitatxell, el/Benitachell",2004,3425
"Poble Nou de Benitatxell, el/Benitachell",2003,3316
"Poble Nou de Benitatxell, el/Benitachell",2002,2932
"Poble Nou de Benitatxell, el/Benitachell",2001,2553
"Poble Nou de Benitatxell, el/Benitachell",2000,2312
"Poble Nou de Benitatxell, el/Benitachell",1999,2131
"Poble Nou de Benitatxell, el/Benitachell",1998,2002
"Poble Nou de Benitatxell, el/Benitachell",1996,1989
Biar,2025,3677
Biar,2024,3634
Biar,2023,3607
Biar,2022,3612
Biar,2021,3628
Biar,2020,3655
Biar,2019,3671
Biar,2018,3651
Biar,2017,3650
Biar,2016,3647
Biar,2015,3657
Biar,2014,3670
Biar,2013,3689
Biar,2012,3695
Biar,2011,3738
Biar,2010,3703
Biar,2009,3723
Biar,2008,3694
Biar,2007,3693
Biar,2006,3647
Biar,2005,3620
Biar,2004,3574
Biar,2003,3550
Biar,2002,3578
Biar,2001,3533
Biar,2000,3562
Biar,1999,3537
Biar,1998,3528
Biar,1996,3568
Bigastro,2025,7537
Bigastro,2024,7431
Bigastro,2023,7361
Bigastro,2022,7130
Bigastro,2021,6994
Bigastro,2020,6909
Bigastro,2019,6733
Bigastro,2018,6702
Bigastro,2017,6656
Bigastro,2016,6724
Bigastro,2015,6714
Bigastro,2014,6762
Bigastro,2013,6730
Bigastro,2012,6719
Bigastro,2011,6788
Bigastro,2010,6757
Bigastro,2009,6744
Bigastro,2008,6761
Bigastro,2007,6588
Bigastro,2006,6303
Bigastro,2005,5962
Bigastro,2004,5601
Bigastro,2003,5421
Bigastro,2002,5243
Bigastro,2001,5039
Bigastro,2000,4910
Bigastro,1999,4829
Bigastro,1998,4784
Bigastro,1996,4721
Bolulla,2025,490
Bolulla,2024,486
Bolulla,2023,440
Bolulla,2022,413
Bolulla,2021,426
Bolulla,2020,417
Bolulla,2019,420
Bolulla,2018,418
Bolulla,2017,414
Bolulla,2016,412
Bolulla,2015,426
Bolulla,2014,421
Bolulla,2013,448
Bolulla,2012,450
Bolulla,2011,454
Bolulla,2010,423
Bolulla,2009,433
Bolulla,2008,415
Bolulla,2007,399
Bolulla,2006,390
Bolulla,2005,392
Bolulla,2004,364
Bolulla,2003,357
Bolulla,2002,355
Bolulla,2001,345
Bolulla,2000,324
Bolulla,1999,316
Bolulla,1998,302
Bolulla,1996,306
Busot,2025,3782
Busot,2024,3629
Busot,2023,3534
Busot,2022,3343
Busot,2021,3207
Busot,2020,3075
Busot,2019,2978
Busot,2018,2925
Busot,2017,2904
Busot,2016,2975
Busot,2015,3075
Busot,2014,3138
Busot,2013,3429
Busot,2012,3412
Busot,2011,3314
Busot,2010,3257
Busot,2009,3148
Busot,2008,3021
Busot,2007,2847
Busot,2006,2643
Busot,2005,2421
Busot,2004,2127
Busot,2003,1998
Busot,2002,1875
Busot,2001,1793
Busot,2000,1717
Busot,1999,1615
Busot,1998,1502
Busot,1996,1373
Callosa de Segura,2025,19988
Callosa de Segura,2024,19658
Callosa de Segura,2023,19484
Callosa de Segura,2022,19315
Callosa de Segura,2021,19273
Callosa de Segura,2020,19127
Callosa de Segura,2019,19038
Callosa de Segura,2018,18864
Callosa de Segura,2017,18625
Callosa de Segura,2016,18497
Callosa de Segura,2015,18200
Callosa de Segura,2014,18079
Callosa de Segura,2013,17992
Callosa de Segura,2012,18034
Callosa de Segura,2011,17979
Callosa de Segura,2010,18008
Callosa de Segura,2009,17924
Callosa de Segura,2008,17425
Callosa de Segura,2007,17423
Callosa de Segura,2006,17366
Callosa de Segura,2005,16866
Callosa de Segura,2004,16471
Callosa de Segura,2003,16375
Callosa de Segura,2002,16005
Callosa de Segura,2001,15573
Callosa de Segura,2000,15409
Callosa de Segura,1999,15291
Callosa de Segura,1998,15150
Callosa de Segura,1996,15230
Callosa d'en Sarrià,2025,8182
Callosa d'en Sarrià,2024,7959
Callosa d'en Sarrià,2023,7708
Callosa d'en Sarrià,2022,7653
Callosa d'en Sarrià,2021,7589
Callosa d'en Sarrià,2020,7522
Callosa d'en Sarrià,2019,7373
Callosa d'en Sarrià,2018,7257
Callosa d'en Sarrià,2017,7223
Callosa d'en Sarrià,2016,7146
Callosa d'en Sarrià,2015,7133
Callosa d'en Sarrià,2014,7370
Callosa d'en Sarrià,2013,7371
Callosa d'en Sarrià,2012,7815
Callosa d'en Sarrià,2011,7894
Callosa d'en Sarrià,2010,7888
Callosa d'en Sarrià,2009,8056
Callosa d'en Sarrià,2008,8224
Callosa d'en Sarrià,2007,8008
Callosa d'en Sarrià,2006,7939
Callosa d'en Sarrià,2005,8179
Callosa d'en Sarrià,2004,7957
Callosa d'en Sarrià,2003,8060
Callosa d'en Sarrià,2002,7966
Callosa d'en Sarrià,2001,7378
Callosa d'en Sarrià,2000,6488
Callosa d'en Sarrià,1999,6365
Callosa d'en Sarrià,1998,6370
Callosa d'en Sarrià,1996,6322
Calp,2025,27616
Calp,2024,26821
Calp,2023,25854
Calp,2022,24096
Calp,2021,23530
Calp,2020,23326
Calp,2019,22725
Calp,2018,21633
Calp,2017,20804
Calp,2016,19591
Calp,2015,21540
Calp,2014,22437
Calp,2013,29442
Calp,2012,29550
Calp,2011,29718
Calp,2010,29909
Calp,2009,29666
Calp,2008,29228
Calp,2007,27768
Calp,2006,26382
Calp,2005,25190
Calp,2004,23653
Calp,2003,22446
Calp,2002,20103
Calp,2001,18037
Calp,2000,16733
Calp,1999,15605
Calp,1998,14819
Calp,1996,14216
"Campello, el",2025,31419
"Campello, el",2024,30600
"Campello, el",2023,29993
"Campello, el",2022,29409
"Campello, el",2021,29013
"Campello, el",2020,28930
"Campello, el",2019,28349
"Campello, el",2018,27893
"Campello, el",2017,27604
"Campello, el",2016,27384
"Campello, el",2015,27356
"Campello, el",2014,27081
"Campello, el",2013,28184
"Campello, el",2012,27709
"Campello, el",2011,27345
"Campello, el",2010,26941
"Campello, el",2009,26511
"Campello, el",2008,26043
"Campello, el",2007,25055
"Campello, el",2006,24674
"Campello, el",2005,23640
"Campello, el",2004,22380
"Campello, el",2003,21761
"Campello, el",2002,20393
"Campello, el",2001,19238
"Campello, el",2000,18366
"Campello, el",1999,17564
"Campello, el",1998,16173
"Campello, el",1996,15200
"Camp de Mirra, el/Campo de Mirra",2025,447
"Camp de Mirra, el/Campo de Mirra",2024,445
"Camp de Mirra, el/Campo de Mirra",2023,442
"Camp de Mirra, el/Campo de Mirra",2022,433
"Camp de Mirra, el/Campo de Mirra",2021,429
"Camp de Mirra, el/Campo de Mirra",2020,417
"Camp de Mirra, el/Campo de Mirra",2019,415
"Camp de Mirra, el/Campo de Mirra",2018,428
"Camp de Mirra, el/Campo de Mirra",2017,436
"Camp de Mirra, el/Campo de Mirra",2016,440
"Camp de Mirra, el/Campo de Mirra",2015,445
"Camp de Mirra, el/Campo de Mirra",2014,437
"Camp de Mirra, el/Campo de Mirra",2013,435
"Camp de Mirra, el/Campo de Mirra",2012,444
"Camp de Mirra, el/Campo de Mirra",2011,438
"Camp de Mirra, el/Campo de Mirra",2010,420
"Camp de Mirra, el/Campo de Mirra",2009,424
"Camp de Mirra, el/Campo de Mirra",2008,426
"Camp de Mirra, el/Campo de Mirra",2007,414
"Camp de Mirra, el/Campo de Mirra",2006,409
"Camp de Mirra, el/Campo de Mirra",2005,416
"Camp de Mirra, el/Campo de Mirra",2004,428
"Camp de Mirra, el/Campo de Mirra",2003,414
"Camp de Mirra, el/Campo de Mirra",2002,413
"Camp de Mirra, el/Campo de Mirra",2001,402
"Camp de Mirra, el/Campo de Mirra",2000,397
"Camp de Mirra, el/Campo de Mirra",1999,386
"Camp de Mirra, el/Campo de Mirra",1998,382
"Camp de Mirra, el/Campo de Mirra",1996,379
Cañada,2025,1213
Cañada,2024,1225
Cañada,2023,1210
Cañada,2022,1191
Cañada,2021,1191
Cañada,2020,1208
Cañada,2019,1220
Cañada,2018,1214
Cañada,2017,1242
Cañada,2016,1245
Cañada,2015,1229
Cañada,2014,1242
Cañada,2013,1249
Cañada,2012,1237
Cañada,2011,1235
Cañada,2010,1238
Cañada,2009,1231
Cañada,2008,1217
Cañada,2007,1203
Cañada,2006,1203
Cañada,2005,1198
Cañada,2004,1176
Cañada,2003,1179
Cañada,2002,1193
Cañada,2001,1152
Cañada,2000,1132
Cañada,1999,1121
Cañada,1998,1096
Cañada,1996,1088
Castalla,2025,11908
Castalla,2024,11622
Castalla,2023,11365
Castalla,2022,11097
Castalla,2021,10752
Castalla,2020,10461
Castalla,2019,10124
Castalla,2018,9880
Castalla,2017,9876
Castalla,2016,9859
Castalla,2015,9994
Castalla,2014,10143
Castalla,2013,10579
Castalla,2012,10573
Castalla,2011,10541
Castalla,2010,10513
Castalla,2009,10327
Castalla,2008,10021
Castalla,2007,9673
Castalla,2006,9331
Castalla,2005,8977
Castalla,2004,8532
Castalla,2003,8193
Castalla,2002,7940
Castalla,2001,7735
Castalla,2000,7631
Castalla,1999,7631
Castalla,1998,7583
Castalla,1996,7631
Castell de Castells,2025,443
Castell de Castells,2024,444
Castell de Castells,2023,445
Castell de Castells,2022,426
Castell de Castells,2021,425
Castell de Castells,2020,437
Castell de Castells,2019,449
Castell de Castells,2018,435
Castell de Castells,2017,436
Castell de Castells,2016,449
Castell de Castells,2015,431
Castell de Castells,2014,442
Castell de Castells,2013,483
Castell de Castells,2012,478
Castell de Castells,2011,516
Castell de Castells,2010,493
Castell de Castells,2009,508
Castell de Castells,2008,505
Castell de Castells,2007,517
Castell de Castells,2006,487
Castell de Castells,2005,482
Castell de Castells,2004,475
Castell de Castells,2003,465
Castell de Castells,2002,432
Castell de Castells,2001,449
Castell de Castells,2000,466
Castell de Castells,1999,465
Castell de Castells,1998,471
Castell de Castells,1996,499
"Castell de Guadalest, el",2025,284
"Castell de Guadalest, el",2024,282
"Castell de Guadalest, el",2023,274
"Castell de Guadalest, el",2022,258
"Castell de Guadalest, el",2021,243
"Castell de Guadalest, el",2020,224
"Castell de Guadalest, el",2019,217
"Castell de Guadalest, el",2018,209
"Castell de Guadalest, el",2017,205
"Castell de Guadalest, el",2016,220
"Castell de Guadalest, el",2015,224
"Castell de Guadalest, el",2014,226
"Castell de Guadalest, el",2013,236
"Castell de Guadalest, el",2012,238
"Castell de Guadalest, el",2011,240
"Castell de Guadalest, el",2010,246
"Castell de Guadalest, el",2009,231
"Castell de Guadalest, el",2008,217
"Castell de Guadalest, el",2007,215
"Castell de Guadalest, el",2006,204
"Castell de Guadalest, el",2005,207
"Castell de Guadalest, el",2004,204
"Castell de Guadalest, el",2003,194
"Castell de Guadalest, el",2002,189
"Castell de Guadalest, el",2001,192
"Castell de Guadalest, el",2000,181
"Castell de Guadalest, el",1999,176
"Castell de Guadalest, el",1998,177
"Castell de Guadalest, el",1996,169
Catral,2025,9600
Catral,2024,9423
Catral,2023,9275
Catral,2022,8976
Catral,2021,8880
Catral,2020,8898
Catral,2019,8639
Catral,2018,8631
Catral,2017,8620
Catral,2016,8551
Catral,2015,8690
Catral,2014,8663
Catral,2013,8648
Catral,2012,9083
Catral,2011,9092
Catral,2010,8926
Catral,2009,8745
Catral,2008,8629
Catral,2007,8105
Catral,2006,7530
Catral,2005,6642
Catral,2004,5884
Catral,2003,5596
Catral,2002,5380
Catral,2001,5146
Catral,2000,5012
Catral,1999,4979
Catral,1998,4894
Catral,1996,4881
Cocentaina,2025,11498
Cocentaina,2024,11411
Cocentaina,2023,11309
Cocentaina,2022,11298
Cocentaina,2021,11451
Cocentaina,2020,11520
Cocentaina,2019,11511
Cocentaina,2018,11456
Cocentaina,2017,11461
Cocentaina,2016,11432
Cocentaina,2015,11406
Cocentaina,2014,11519
Cocentaina,2013,11558
Cocentaina,2012,11591
Cocentaina,2011,11601
Cocentaina,2010,11534
Cocentaina,2009,11467
Cocentaina,2008,11383
Cocentaina,2007,11209
Cocentaina,2006,11143
Cocentaina,2005,10992
Cocentaina,2004,10907
Cocentaina,2003,10673
Cocentaina,2002,10567
Cocentaina,2001,10496
Cocentaina,2000,10468
Cocentaina,1999,10572
Cocentaina,1998,10572
Cocentaina,1996,10737
Confrides,2025,293
Confrides,2024,296
Confrides,2023,297
Confrides,2022,282
Confrides,2021,271
Confrides,2020,261
Confrides,2019,187
Confrides,2018,208
Confrides,2017,221
Confrides,2016,207
Confrides,2015,208
Confrides,2014,232
Confrides,2013,243
Confrides,2012,283
Confrides,2011,315
Confrides,2010,276
Confrides,2009,299
Confrides,2008,279
Confrides,2007,303
Confrides,2006,256
Confrides,2005,286
Confrides,2004,301
Confrides,2003,325
Confrides,2002,287
Confrides,2001,306
Confrides,2000,325
Confrides,1999,309
Confrides,1998,283
Confrides,1996,300
Cox,2025,7722
Cox,2024,7622
Cox,2023,7513
Cox,2022,7431
Cox,2021,7427
Cox,2020,7386
Cox,2019,7297
Cox,2018,7226
Cox,2017,7192
Cox,2016,7193
Cox,2015,7229
Cox,2014,7188
Cox,2013,7135
Cox,2012,7077
Cox,2011,7029
Cox,2010,6957
Cox,2009,6826
Cox,2008,6642
Cox,2007,6414
Cox,2006,6464
Cox,2005,6477
Cox,2004,6377
Cox,2003,6355
Cox,2002,6240
Cox,2001,5946
Cox,2000,5825
Cox,1999,5806
Cox,1998,5794
Cox,1996,5750
Crevillent,2025,30921
Crevillent,2024,30585
Crevillent,2023,30191
Crevillent,2022,29881
Crevillent,2021,29717
Crevillent,2020,29536
Crevillent,2019,28952
Crevillent,2018,28957
Crevillent,2017,28836
Crevillent,2016,28691
Crevillent,2015,28465
Crevillent,2014,28328
Crevillent,2013,28382
Crevillent,2012,28439
Crevillent,2011,28362
Crevillent,2010,28738
Crevillent,2009,28609
Crevillent,2008,28432
Crevillent,2007,28172
Crevillent,2006,27815
Crevillent,2005,27323
Crevillent,2004,26632
Crevillent,2003,26260
Crevillent,2002,25654
Crevillent,2001,25101
Crevillent,2000,24690
Crevillent,1999,24408
Crevillent,1998,23945
Crevillent,1996,23781
Daya Nueva,2025,1885
Daya Nueva,2024,1832
Daya Nueva,2023,1767
Daya Nueva,2022,1758
Daya Nueva,2021,1757
Daya Nueva,2020,1733
Daya Nueva,2019,1737
Daya Nueva,2018,1718
Daya Nueva,2017,1684
Daya Nueva,2016,1750
Daya Nueva,2015,1732
Daya Nueva,2014,1765
Daya Nueva,2013,1956
Daya Nueva,2012,1996
Daya Nueva,2011,1988
Daya Nueva,2010,1938
Daya Nueva,2009,1942
Daya Nueva,2008,1903
Daya Nueva,2007,1761
Daya Nueva,2006,1676
Daya Nueva,2005,1562
Daya Nueva,2004,1390
Daya Nueva,2003,1272
Daya Nueva,2002,1257
Daya Nueva,2001,1175
Daya Nueva,2000,1193
Daya Nueva,1999,1139
Daya Nueva,1998,1142
Daya Nueva,1996,1189
Daya Vieja,2025,698
Daya Vieja,2024,657
Daya Vieja,2023,667
Daya Vieja,2022,683
Daya Vieja,2021,707
Daya Vieja,2020,731
Daya Vieja,2019,690
Daya Vieja,2018,685
Daya Vieja,2017,713
Daya Vieja,2016,672
Daya Vieja,2015,668
Daya Vieja,2014,681
Daya Vieja,2013,770
Daya Vieja,2012,758
Daya Vieja,2011,726
Daya Vieja,2010,696
Daya Vieja,2009,674
Daya Vieja,2008,598
Daya Vieja,2007,459
Daya Vieja,2006,354
Daya Vieja,2005,336
Daya Vieja,2004,261
Daya Vieja,2003,222
Daya Vieja,2002,204
Daya Vieja,2001,198
Daya Vieja,2000,190
Daya Vieja,1999,163
Daya Vieja,1998,168
Daya Vieja,1996,183
Dénia,2025,47261
Dénia,2024,46942
Dénia,2023,45622
Dénia,2022,43899
Dénia,2021,42953
Dénia,2020,42827
Dénia,2019,42166
Dénia,2018,41733
Dénia,2017,41568
Dénia,2016,41465
Dénia,2015,41553
Dénia,2014,41672
Dénia,2013,44450
Dénia,2012,44455
Dénia,2011,44726
Dénia,2010,44498
Dénia,2009,44464
Dénia,2008,44035
Dénia,2007,42704
Dénia,2006,41591
Dénia,2005,40601
Dénia,2004,38584
Dénia,2003,37773
Dénia,2002,34686
Dénia,2001,32332
Dénia,2000,30693
Dénia,1999,29585
Dénia,1998,28629
Dénia,1996,27469
Dolores,2025,8326
Dolores,2024,8102
Dolores,2023,7919
Dolores,2022,7799
Dolores,2021,7620
Dolores,2020,7531
Dolores,2019,7470
Dolores,2018,7383
Dolores,2017,7302
Dolores,2016,7264
Dolores,2015,7246
Dolores,2014,7237
Dolores,2013,7314
Dolores,2012,7362
Dolores,2011,7398
Dolores,2010,7392
Dolores,2009,7427
Dolores,2008,7313
Dolores,2007,6954
Dolores,2006,6786
Dolores,2005,7095
Dolores,2004,6863
Dolores,2003,6561
Dolores,2002,6397
Dolores,2001,6308
Dolores,2000,6276
Dolores,1999,6239
Dolores,1998,6144
Dolores,1996,6127
Elx/Elche,2025,245557
Elx/Elche,2024,243128
Elx/Elche,2023,238293
Elx/Elche,2022,235580
Elx/Elche,2021,234205
Elx/Elche,2020,234765
Elx/Elche,2019,232517
Elx/Elche,2018,230625
Elx/Elche,2017,228675
Elx/Elche,2016,227659
Elx/Elche,2015,227312
Elx/Elche,2014,228647
Elx/Elche,2013,230224
Elx/Elche,2012,230587
Elx/Elche,2011,230354
Elx/Elche,2010,230822
Elx/Elche,2009,230112
Elx/Elche,2008,228348
Elx/Elche,2007,222422
Elx/Elche,2006,219032
Elx/Elche,2005,215137
Elx/Elche,2004,209439
Elx/Elche,2003,207163
Elx/Elche,2002,201731
Elx/Elche,2001,198190
Elx/Elche,2000,195791
Elx/Elche,1999,193174
Elx/Elche,1998,191713
Elx/Elche,1996,191660
Elda,2025,55222
Elda,2024,53818
Elda,2023,53034
Elda,2022,52297
Elda,2021,52551
Elda,2020,52813
Elda,2019,52618
Elda,2018,52404
Elda,2017,52620
Elda,2016,52745
Elda,2015,53248
Elda,2014,53540
Elda,2013,54056
Elda,2012,54536
Elda,2011,54610
Elda,2010,54815
Elda,2009,55168
Elda,2008,55174
Elda,2007,55289
Elda,2006,55138
Elda,2005,55571
Elda,2004,55576
Elda,2003,54086
Elda,2002,53103
Elda,2001,51816
Elda,2000,51501
Elda,1999,51228
Elda,1998,52490
Elda,1996,52751
Fageca,2025,100
Fageca,2024,100
Fageca,2023,101
Fageca,2022,104
Fageca,2021,105
Fageca,2020,107
Fageca,2019,106
Fageca,2018,101
Fageca,2017,101
Fageca,2016,107
Fageca,2015,103
Fageca,2014,104
Fageca,2013,101
Fageca,2012,104
Fageca,2011,108
Fageca,2010,107
Fageca,2009,106
Fageca,2008,108
Fageca,2007,119
Fageca,2006,93
Fageca,2005,98
Fageca,2004,103
Fageca,2003,112
Fageca,2002,111
Fageca,2001,130
Fageca,2000,134
Fageca,1999,123
Fageca,1998,121
Fageca,1996,125
Famorca,2025,44
Famorca,2024,44
Famorca,2023,45
Famorca,2022,48
Famorca,2021,45
Famorca,2020,45
Famorca,2019,47
Famorca,2018,53
Famorca,2017,57
Famorca,2016,58
Famorca,2015,52
Famorca,2014,52
Famorca,2013,51
Famorca,2012,59
Famorca,2011,62
Famorca,2010,38
Famorca,2009,44
Famorca,2008,48
Famorca,2007,53
Famorca,2006,54
Famorca,2005,63
Famorca,2004,65
Famorca,2003,71
Famorca,2002,61
Famorca,2001,61
Famorca,2000,63
Famorca,1999,65
Famorca,1998,66
Famorca,1996,73
Finestrat,2025,9919
Finestrat,2024,9352
Finestrat,2023,8836
Finestrat,2022,7909
Finestrat,2021,7402
Finestrat,2020,7103
Finestrat,2019,6715
Finestrat,2018,6381
Finestrat,2017,6292
Finestrat,2016,6090
Finestrat,2015,6239
Finestrat,2014,6265
Finestrat,2013,7095
Finestrat,2012,6932
Finestrat,2011,6807
Finestrat,2010,6386
Finestrat,2009,6137
Finestrat,2008,5844
Finestrat,2007,4945
Finestrat,2006,4172
Finestrat,2005,3797
Finestrat,2004,3377
Finestrat,2003,2858
Finestrat,2002,2550
Finestrat,2001,2333
Finestrat,2000,2169
Finestrat,1999,1954
Finestrat,1998,1735
Finestrat,1996,1504
"Fondó de les Neus, el/Hondón de las Nieves",2025,2738
"Fondó de les Neus, el/Hondón de las Nieves",2024,2696
"Fondó de les Neus, el/Hondón de las Nieves",2023,2698
"Fondó de les Neus, el/Hondón de las Nieves",2022,2684
"Fondó de les Neus, el/Hondón de las Nieves",2021,2634
"Fondó de les Neus, el/Hondón de las Nieves",2020,2606
"Fondó de les Neus, el/Hondón de las Nieves",2019,2544
"Fondó de les Neus, el/Hondón de las Nieves",2018,2474
"Fondó de les Neus, el/Hondón de las Nieves",2017,2436
"Fondó de les Neus, el/Hondón de las Nieves",2016,2493
"Fondó de les Neus, el/Hondón de las Nieves",2015,2583
"Fondó de les Neus, el/Hondón de las Nieves",2014,2632
"Fondó de les Neus, el/Hondón de las Nieves",2013,3041
"Fondó de les Neus, el/Hondón de las Nieves",2012,3037
"Fondó de les Neus, el/Hondón de las Nieves",2011,3010
"Fondó de les Neus, el/Hondón de las Nieves",2010,2948
"Fondó de les Neus, el/Hondón de las Nieves",2009,2862
"Fondó de les Neus, el/Hondón de las Nieves",2008,2730
"Fondó de les Neus, el/Hondón de las Nieves",2007,2501
"Fondó de les Neus, el/Hondón de las Nieves",2006,2312
"Fondó de les Neus, el/Hondón de las Nieves",2005,2162
"Fondó de les Neus, el/Hondón de las Nieves",2004,1936
"Fondó de les Neus, el/Hondón de las Nieves",2003,1770
"Fondó de les Neus, el/Hondón de las Nieves",2002,1713
"Fondó de les Neus, el/Hondón de las Nieves",2001,1679
"Fondó de les Neus, el/Hondón de las Nieves",2000,1611
"Fondó de les Neus, el/Hondón de las Nieves",1999,1604
"Fondó de les Neus, el/Hondón de las Nieves",1998,1563
"Fondó de les Neus, el/Hondón de las Nieves",1996,1587
Formentera del Segura,2025,4868
Formentera del Segura,2024,4749
Formentera del Segura,2023,4618
Formentera del Segura,2022,4446
Formentera del Segura,2021,4337
Formentera del Segura,2020,4268
Formentera del Segura,2019,4191
Formentera del Segura,2018,4131
Formentera del Segura,2017,4064
Formentera del Segura,2016,3995
Formentera del Segura,2015,4206
Formentera del Segura,2014,4211
Formentera del Segura,2013,4629
Formentera del Segura,2012,4559
Formentera del Segura,2011,4389
Formentera del Segura,2010,4364
Formentera del Segura,2009,4285
Formentera del Segura,2008,4118
Formentera del Segura,2007,3518
Formentera del Segura,2006,3173
Formentera del Segura,2005,2898
Formentera del Segura,2004,2588
Formentera del Segura,2003,2403
Formentera del Segura,2002,2255
Formentera del Segura,2001,2176
Formentera del Segura,2000,2093
Formentera del Segura,1999,2111
Formentera del Segura,1998,2032
Formentera del Segura,1996,2112
Gaianes,2025,577
Gaianes,2024,553
Gaianes,2023,555
Gaianes,2022,548
Gaianes,2021,505
Gaianes,2020,479
Gaianes,2019,452
Gaianes,2018,471
Gaianes,2017,448
Gaianes,2016,452
Gaianes,2015,457
Gaianes,2014,449
Gaianes,2013,446
Gaianes,2012,445
Gaianes,2011,442
Gaianes,2010,443
Gaianes,2009,378
Gaianes,2008,380
Gaianes,2007,376
Gaianes,2006,347
Gaianes,2005,340
Gaianes,2004,344
Gaianes,2003,329
Gaianes,2002,317
Gaianes,2001,316
Gaianes,2000,298
Gaianes,1999,291
Gaianes,1998,301
Gaianes,1996,314
Gata de Gorgos,2025,6773
Gata de Gorgos,2024,6659
Gata de Gorgos,2023,6515
Gata de Gorgos,2022,6364
Gata de Gorgos,2021,6223
Gata de Gorgos,2020,6243
Gata de Gorgos,2019,6049
Gata de Gorgos,2018,5893
Gata de Gorgos,2017,5804
Gata de Gorgos,2016,5825
Gata de Gorgos,2015,5885
Gata de Gorgos,2014,5985
Gata de Gorgos,2013,6270
Gata de Gorgos,2012,6327
Gata de Gorgos,2011,6283
Gata de Gorgos,2010,6292
Gata de Gorgos,2009,6291
Gata de Gorgos,2008,6195
Gata de Gorgos,2007,5969
Gata de Gorgos,2006,5551
Gata de Gorgos,2005,5375
Gata de Gorgos,2004,5212
Gata de Gorgos,2003,5120
Gata de Gorgos,2002,5106
Gata de Gorgos,2001,4971
Gata de Gorgos,2000,5032
Gata de Gorgos,1999,5003
Gata de Gorgos,1998,5008
Gata de Gorgos,1996,5070
Gorga,2025,286
Gorga,2024,284
Gorga,2023,284
Gorga,2022,270
Gorga,2021,261
Gorga,2020,241
Gorga,2019,249
Gorga,2018,258
Gorga,2017,273
Gorga,2016,267
Gorga,2015,275
Gorga,2014,274
Gorga,2013,264
Gorga,2012,261
Gorga,2011,254
Gorga,2010,256
Gorga,2009,232
Gorga,2008,235
Gorga,2007,248
Gorga,2006,250
Gorga,2005,256
Gorga,2004,261
Gorga,2003,252
Gorga,2002,259
Gorga,2001,276
Gorga,2000,265
Gorga,1999,257
Gorga,1998,258
Gorga,1996,270
Granja de Rocamora,2025,2728
Granja de Rocamora,2024,2739
Granja de Rocamora,2023,2686
Granja de Rocamora,2022,2626
Granja de Rocamora,2021,2609
Granja de Rocamora,2020,2591
Granja de Rocamora,2019,2580
Granja de Rocamora,2018,2489
Granja de Rocamora,2017,2469
Granja de Rocamora,2016,2461
Granja de Rocamora,2015,2425
Granja de Rocamora,2014,2417
Granja de Rocamora,2013,2437
Granja de Rocamora,2012,2461
Granja de Rocamora,2011,2463
Granja de Rocamora,2010,2372
Granja de Rocamora,2009,2362
Granja de Rocamora,2008,2323
Granja de Rocamora,2007,2271
Granja de Rocamora,2006,2093
Granja de Rocamora,2005,2099
Granja de Rocamora,2004,2066
Granja de Rocamora,2003,2039
Granja de Rocamora,2002,2089
Granja de Rocamora,2001,1902
Granja de Rocamora,2000,1963
Granja de Rocamora,1999,1962
Granja de Rocamora,1998,2071
Granja de Rocamora,1996,2076
Guardamar del Segura,2025,18564
Guardamar del Segura,2024,18111
Guardamar del Segura,2023,17328
Guardamar del Segura,2022,16138
Guardamar del Segura,2021,15983
Guardamar del Segura,2020,15849
Guardamar del Segura,2019,15348
Guardamar del Segura,2018,15058
Guardamar del Segura,2017,14716
Guardamar del Segura,2016,15386
Guardamar del Segura,2015,15589
Guardamar del Segura,2014,15599
Guardamar del Segura,2013,16957
Guardamar del Segura,2012,17138
Guardamar del Segura,2011,16863
Guardamar del Segura,2010,16423
Guardamar del Segura,2009,16329
Guardamar del Segura,2008,15951
Guardamar del Segura,2007,15132
Guardamar del Segura,2006,14261
Guardamar del Segura,2005,13122
Guardamar del Segura,2004,12215
Guardamar del Segura,2003,11587
Guardamar del Segura,2002,10732
Guardamar del Segura,2001,9944
Guardamar del Segura,2000,9326
Guardamar del Segura,1999,8845
Guardamar del Segura,1998,8490
Guardamar del Segura,1996,8227
Hondón de los Frailes,2025,1334
Hondón de los Frailes,2024,1310
Hondón de los Frailes,2023,1311
Hondón de los Frailes,2022,1261
Hondón de los Frailes,2021,1299
Hondón de los Frailes,2020,1242
Hondón de los Frailes,2019,1198
Hondón de los Frailes,2018,1132
Hondón de los Frailes,2017,1102
Hondón de los Frailes,2016,1165
Hondón de los Frailes,2015,1160
Hondón de los Frailes,2014,1095
Hondón de los Frailes,2013,1217
Hondón de los Frailes,2012,1238
Hondón de los Frailes,2011,1217
Hondón de los Frailes,2010,1202
Hondón de los Frailes,2009,1214
Hondón de los Frailes,2008,1205
Hondón de los Frailes,2007,1231
Hondón de los Frailes,2006,1109
Hondón de los Frailes,2005,1023
Hondón de los Frailes,2004,883
Hondón de los Frailes,2003,709
Hondón de los Frailes,2002,634
Hondón de los Frailes,2001,586
Hondón de los Frailes,2000,563
Hondón de los Frailes,1999,553
Hondón de los Frailes,1998,562
Hondón de los Frailes,1996,550
Ibi,2025,24500
Ibi,2024,24210
Ibi,2023,23920
Ibi,2022,23677
Ibi,2021,23652
Ibi,2020,23564
Ibi,2019,23489
Ibi,2018,23403
Ibi,2017,23423
Ibi,2016,23365
Ibi,2015,23321
Ibi,2014,23456
Ibi,2013,23634
Ibi,2012,23616
Ibi,2011,23683
Ibi,2010,23861
Ibi,2009,24113
Ibi,2008,24093
Ibi,2007,23609
Ibi,2006,23360
Ibi,2005,23059
Ibi,2004,22967
Ibi,2003,22744
Ibi,2002,22140
Ibi,2001,21616
Ibi,2000,21293
Ibi,1999,21180
Ibi,1998,21075
Ibi,1996,21076
Jacarilla,2025,2176
Jacarilla,2024,2122
Jacarilla,2023,2108
Jacarilla,2022,2039
Jacarilla,2021,2030
Jacarilla,2020,1998
Jacarilla,2019,2022
Jacarilla,2018,1986
Jacarilla,2017,1953
Jacarilla,2016,1939
Jacarilla,2015,1930
Jacarilla,2014,1947
Jacarilla,2013,2038
Jacarilla,2012,2076
Jacarilla,2011,2102
Jacarilla,2010,2100
Jacarilla,2009,2096
Jacarilla,2008,2088
Jacarilla,2007,1957
Jacarilla,2006,1813
Jacarilla,2005,1776
Jacarilla,2004,1686
Jacarilla,2003,1638
Jacarilla,2002,1607
Jacarilla,2001,1575
Jacarilla,2000,1556
Jacarilla,1999,1540
Jacarilla,1998,1539
Jacarilla,1996,1504
Xàbia/Jávea,2025,30642
Xàbia/Jávea,2024,30131
Xàbia/Jávea,2023,29760
Xàbia/Jávea,2022,28731
Xàbia/Jávea,2021,27983
Xàbia/Jávea,2020,28016
Xàbia/Jávea,2019,27604
Xàbia/Jávea,2018,27224
Xàbia/Jávea,2017,27060
Xàbia/Jávea,2016,27225
Xàbia/Jávea,2015,27681
Xàbia/Jávea,2014,29067
Xàbia/Jávea,2013,33149
Xàbia/Jávea,2012,32983
Xàbia/Jávea,2011,32469
Xàbia/Jávea,2010,31909
Xàbia/Jávea,2009,31593
Xàbia/Jávea,2008,31140
Xàbia/Jávea,2007,29923
Xàbia/Jávea,2006,29279
Xàbia/Jávea,2005,28242
Xàbia/Jávea,2004,26649
Xàbia/Jávea,2003,28493
Xàbia/Jávea,2002,26368
Xàbia/Jávea,2001,24645
Xàbia/Jávea,2000,23133
Xàbia/Jávea,1999,21996
Xàbia/Jávea,1998,21084
Xàbia/Jávea,1996,21393
Xixona/Jijona,2025,7669
Xixona/Jijona,2024,7307
Xixona/Jijona,2023,7032
Xixona/Jijona,2022,6860
Xixona/Jijona,2021,6861
Xixona/Jijona,2020,6879
Xixona/Jijona,2019,6865
Xixona/Jijona,2018,6875
Xixona/Jijona,2017,6895
Xixona/Jijona,2016,7057
Xixona/Jijona,2015,7205
Xixona/Jijona,2014,7226
Xixona/Jijona,2013,7366
Xixona/Jijona,2012,7423
Xixona/Jijona,2011,7429
Xixona/Jijona,2010,7407
Xixona/Jijona,2009,7516
Xixona/Jijona,2008,7575
Xixona/Jijona,2007,7553
Xixona/Jijona,2006,7596
Xixona/Jijona,2005,7494
Xixona/Jijona,2004,7400
Xixona/Jijona,2003,7369
Xixona/Jijona,2002,7353
Xixona/Jijona,2001,7304
Xixona/Jijona,2000,7337
Xixona/Jijona,1999,7436
Xixona/Jijona,1998,7453
Xixona/Jijona,1996,7608
Llíber,2025,882
Llíber,2024,905
Llíber,2023,946
Llíber,2022,967
Llíber,2021,883
Llíber,2020,830
Llíber,2019,935
Llíber,2018,1051
Llíber,2017,951
Llíber,2016,1110
Llíber,2015,1099
Llíber,2014,1080
Llíber,2013,1091
Llíber,2012,1071
Llíber,2011,1070
Llíber,2010,1056
Llíber,2009,1057
Llíber,2008,1062
Llíber,2007,1001
Llíber,2006,950
Llíber,2005,930
Llíber,2004,837
Llíber,2003,757
Llíber,2002,522
Llíber,2001,533
Llíber,2000,550
Llíber,1999,524
Llíber,1998,525
Llíber,1996,527
"Orxa, l'/Lorcha",2025,589
"Orxa, l'/Lorcha",2024,581
"Orxa, l'/Lorcha",2023,587
"Orxa, l'/Lorcha",2022,565
"Orxa, l'/Lorcha",2021,584
"Orxa, l'/Lorcha",2020,582
"Orxa, l'/Lorcha",2019,578
"Orxa, l'/Lorcha",2018,596
"Orxa, l'/Lorcha",2017,606
"Orxa, l'/Lorcha",2016,627
"Orxa, l'/Lorcha",2015,650
"Orxa, l'/Lorcha",2014,676
"Orxa, l'/Lorcha",2013,710
"Orxa, l'/Lorcha",2012,729
"Orxa, l'/Lorcha",2011,754
"Orxa, l'/Lorcha",2010,715
"Orxa, l'/Lorcha",2009,749
"Orxa, l'/Lorcha",2008,748
"Orxa, l'/Lorcha",2007,751
"Orxa, l'/Lorcha",2006,743
"Orxa, l'/Lorcha",2005,721
"Orxa, l'/Lorcha",2004,735
"Orxa, l'/Lorcha",2003,735
"Orxa, l'/Lorcha",2002,750
"Orxa, l'/Lorcha",2001,761
"Orxa, l'/Lorcha",2000,788
"Orxa, l'/Lorcha",1999,778
"Orxa, l'/Lorcha",1998,786
"Orxa, l'/Lorcha",1996,823
Millena,2025,265
Millena,2024,249
Millena,2023,254
Millena,2022,243
Millena,2021,242
Millena,2020,240
Millena,2019,237
Millena,2018,229
Millena,2017,230
Millena,2016,221
Millena,2015,224
Millena,2014,210
Millena,2013,215
Millena,2012,217
Millena,2011,215
Millena,2010,209
Millena,2009,201
Millena,2008,195
Millena,2007,187
Millena,2006,186
Millena,2005,178
Millena,2004,175
Millena,2003,178
Millena,2002,189
Millena,2001,190
Millena,2000,182
Millena,1999,144
Millena,1998,144
Millena,1996,157
Monforte del Cid,2025,9283
Monforte del Cid,2024,8967
Monforte del Cid,2023,8777
Monforte del Cid,2022,8619
Monforte del Cid,2021,8500
Monforte del Cid,2020,8346
Monforte del Cid,2019,8165
Monforte del Cid,2018,7944
Monforte del Cid,2017,7592
Monforte del Cid,2016,7500
Monforte del Cid,2015,7603
Monforte del Cid,2014,7658
Monforte del Cid,2013,7807
Monforte del Cid,2012,7803
Monforte del Cid,2011,7771
Monforte del Cid,2010,7606
Monforte del Cid,2009,7366
Monforte del Cid,2008,7006
Monforte del Cid,2007,6497
Monforte del Cid,2006,6157
Monforte del Cid,2005,6053
Monforte del Cid,2004,5864
Monforte del Cid,2003,5705
Monforte del Cid,2002,5545
Monforte del Cid,2001,5389
Monforte del Cid,2000,5260
Monforte del Cid,1999,5178
Monforte del Cid,1998,5163
Monforte del Cid,1996,5082
Monòver/Monóvar,2025,13116
Monòver/Monóvar,2024,12764
Monòver/Monóvar,2023,12542
Monòver/Monóvar,2022,12387
Monòver/Monóvar,2021,12188
Monòver/Monóvar,2020,12212
Monòver/Monóvar,2019,12167
Monòver/Monóvar,2018,12175
Monòver/Monóvar,2017,12177
Monòver/Monóvar,2016,12272
Monòver/Monóvar,2015,12381
Monòver/Monóvar,2014,12460
Monòver/Monóvar,2013,12720
Monòver/Monóvar,2012,12844
Monòver/Monóvar,2011,12873
Monòver/Monóvar,2010,12928
Monòver/Monóvar,2009,13060
Monòver/Monóvar,2008,13056
Monòver/Monóvar,2007,12923
Monòver/Monóvar,2006,12841
Monòver/Monóvar,2005,12727
Monòver/Monóvar,2004,12624
Monòver/Monóvar,2003,12369
Monòver/Monóvar,2002,12077
Monòver/Monóvar,2001,11916
Monòver/Monóvar,2000,11922
Monòver/Monóvar,1999,11909
Monòver/Monóvar,1998,11978
Monòver/Monóvar,1996,12085
"Montesinos, Los",2025,5786
"Montesinos, Los",2024,5682
"Montesinos, Los",2023,5477
"Montesinos, Los",2022,5217
"Montesinos, Los",2021,5123
"Montesinos, Los",2020,5061
"Montesinos, Los",2019,4968
"Montesinos, Los",2018,4844
"Montesinos, Los",2017,4862
"Montesinos, Los",2016,4912
"Montesinos, Los",2015,4921
"Montesinos, Los",2014,4966
"Montesinos, Los",2013,5043
"Montesinos, Los",2012,5203
"Montesinos, Los",2011,5199
"Montesinos, Los",2010,5147
"Montesinos, Los",2009,4949
"Montesinos, Los",2008,4736
"Montesinos, Los",2007,4284
"Montesinos, Los",2006,3654
"Montesinos, Los",2005,3319
"Montesinos, Los",2004,3081
"Montesinos, Los",2003,2964
"Montesinos, Los",2002,2807
"Montesinos, Los",2001,2674
"Montesinos, Los",2000,2617
"Montesinos, Los",1999,2526
"Montesinos, Los",1998,2472
"Montesinos, Los",1996,2436
Murla,2025,574
Murla,2024,585
Murla,2023,575
Murla,2022,540
Murla,2021,549
Murla,2020,507
Murla,2019,470
Murla,2018,493
Murla,2017,477
Murla,2016,486
Murla,2015,516
Murla,2014,509
Murla,2013,604
Murla,2012,598
Murla,2011,609
Murla,2010,629
Murla,2009,612
Murla,2008,601
Murla,2007,574
Murla,2006,562
Murla,2005,515
Murla,2004,482
Murla,2003,446
Murla,2002,368
Murla,2001,320
Murla,2000,333
Murla,1999,322
Murla,1998,319
Murla,1996,332
Muro de Alcoy,2025,9372
Muro de Alcoy,2024,9345
Muro de Alcoy,2023,9253
Muro de Alcoy,2022,9303
Muro de Alcoy,2021,9326
Muro de Alcoy,2020,9315
Muro de Alcoy,2019,9324
Muro de Alcoy,2018,9328
Muro de Alcoy,2017,9319
Muro de Alcoy,2016,9307
Muro de Alcoy,2015,9167
Muro de Alcoy,2014,9114
Muro de Alcoy,2013,9062
Muro de Alcoy,2012,9010
Muro de Alcoy,2011,9005
Muro de Alcoy,2010,8961
Muro de Alcoy,2009,8893
Muro de Alcoy,2008,8725
Muro de Alcoy,2007,8611
Muro de Alcoy,2006,8446
Muro de Alcoy,2005,8148
Muro de Alcoy,2004,7830
Muro de Alcoy,2003,7652
Muro de Alcoy,2002,7532
Muro de Alcoy,2001,7366
Muro de Alcoy,2000,7252
Muro de Alcoy,1999,7194
Muro de Alcoy,1998,7140
Muro de Alcoy,1996,7104
Mutxamel,2025,28621
Mutxamel,2024,27761
Mutxamel,2023,27078
Mutxamel,2022,26192
Mutxamel,2021,25679
Mutxamel,2020,25645
Mutxamel,2019,25352
Mutxamel,2018,25009
Mutxamel,2017,24778
Mutxamel,2016,24487
Mutxamel,2015,24256
Mutxamel,2014,24232
Mutxamel,2013,23707
Mutxamel,2012,23834
Mutxamel,2011,23522
Mutxamel,2010,23066
Mutxamel,2009,22510
Mutxamel,2008,21481
Mutxamel,2007,20364
Mutxamel,2006,19264
Mutxamel,2005,18452
Mutxamel,2004,17599
Mutxamel,2003,16971
Mutxamel,2002,16198
Mutxamel,2001,15275
Mutxamel,2000,14693
Mutxamel,1999,14087
Mutxamel,1998,13267
Mutxamel,1996,12779
Novelda,2025,26606
Novelda,2024,26213
Novelda,2023,25771
Novelda,2022,25592
Novelda,2021,25611
Novelda,2020,25741
Novelda,2019,25651
Novelda,2018,25725
Novelda,2017,25868
Novelda,2016,26054
Novelda,2015,26146
Novelda,2014,26292
Novelda,2013,26517
Novelda,2012,26692
Novelda,2011,26873
Novelda,2010,27104
Novelda,2009,27135
Novelda,2008,27008
Novelda,2007,26525
Novelda,2006,26335
Novelda,2005,26233
Novelda,2004,25653
Novelda,2003,25399
Novelda,2002,24885
Novelda,2001,24111
Novelda,2000,23830
Novelda,1999,23665
Novelda,1998,23190
Novelda,1996,23188
"Nucia, la",2025,19121
"Nucia, la",2024,18783
"Nucia, la",2023,18970
"Nucia, la",2022,18624
"Nucia, la",2021,18108
"Nucia, la",2020,18163
"Nucia, la",2019,18603
"Nucia, la",2018,18242
"Nucia, la",2017,18548
"Nucia, la",2016,19967
"Nucia, la",2015,20039
"Nucia, la",2014,20029
"Nucia, la",2013,19524
"Nucia, la",2012,19135
"Nucia, la",2011,18593
"Nucia, la",2010,18225
"Nucia, la",2009,17874
"Nucia, la",2008,16958
"Nucia, la",2007,15519
"Nucia, la",2006,14006
"Nucia, la",2005,12573
"Nucia, la",2004,10672
"Nucia, la",2003,11522
"Nucia, la",2002,10135
"Nucia, la",2001,9365
"Nucia, la",2000,8616
"Nucia, la",1999,7839
"Nucia, la",1998,7303
"Nucia, la",1996,7010
Ondara,2025,7717
Ondara,2024,7522
Ondara,2023,7308
Ondara,2022,7085
Ondara,2021,7080
Ondara,2020,7076
Ondara,2019,6894
Ondara,2018,6815
Ondara,2017,6739
Ondara,2016,6647
Ondara,2015,6617
Ondara,2014,6632
Ondara,2013,6613
Ondara,2012,6657
Ondara,2011,6644
Ondara,2010,6570
Ondara,2009,6546
Ondara,2008,6457
Ondara,2007,6217
Ondara,2006,6004
Ondara,2005,5834
Ondara,2004,5749
Ondara,2003,5712
Ondara,2002,5751
Ondara,2001,5468
Ondara,2000,5310
Ondara,1999,5246
Ondara,1998,5216
Ondara,1996,5149
Onil,2025,8114
Onil,2024,7959
Onil,2023,7763
Onil,2022,7580
Onil,2021,7569
Onil,2020,7600
Onil,2019,7507
Onil,2018,7475
Onil,2017,7493
Onil,2016,7494
Onil,2015,7548
Onil,2014,7565
Onil,2013,7544
Onil,2012,7697
Onil,2011,7753
Onil,2010,7723
Onil,2009,7771
Onil,2008,7709
Onil,2007,7622
Onil,2006,7466
Onil,2005,7500
Onil,2004,7317
Onil,2003,7144
Onil,2002,6974
Onil,2001,6874
Onil,2000,6829
Onil,1999,6777
Onil,1998,6788
Onil,1996,6786
Orba,2025,2399
Orba,2024,2387
Orba,2023,2379
Orba,2022,2348
Orba,2021,2233
Orba,2020,2232
Orba,2019,2174
Orba,2018,2111
Orba,2017,2035
Orba,2016,2085
Orba,2015,2210
Orba,2014,2216
Orba,2013,2570
Orba,2012,2604
Orba,2011,2606
Orba,2010,2629
Orba,2009,2616
Orba,2008,2566
Orba,2007,2503
Orba,2006,2361
Orba,2005,2117
Orba,2004,1968
Orba,2003,1824
Orba,2002,1727
Orba,2001,1712
Orba,2000,1659
Orba,1999,1586
Orba,1998,1574
Orba,1996,1576
Orihuela,2025,84560
Orihuela,2024,83720
Orihuela,2023,82449
Orihuela,2022,80784
Orihuela,2021,78940
Orihuela,2020,78505
Orihuela,2019,77414
Orihuela,2018,76778
Orihuela,2017,76097
Orihuela,2016,80359
Orihuela,2015,82675
Orihuela,2014,83417
Orihuela,2013,91260
Orihuela,2012,90087
Orihuela,2011,88714
Orihuela,2010,87113
Orihuela,2009,86164
Orihuela,2008,84626
Orihuela,2007,80468
Orihuela,2006,77979
Orihuela,2005,75009
Orihuela,2004,68778
Orihuela,2003,67731
Orihuela,2002,61018
Orihuela,2001,56129
Orihuela,2000,53478
Orihuela,1999,51649
Orihuela,1998,50581
Orihuela,1996,50724
Orxeta,2025,906
Orxeta,2024,879
Orxeta,2023,840
Orxeta,2022,812
Orxeta,2021,787
Orxeta,2020,784
Orxeta,2019,736
Orxeta,2018,738
Orxeta,2017,760
Orxeta,2016,778
Orxeta,2015,850
Orxeta,2014,875
Orxeta,2013,916
Orxeta,2012,921
Orxeta,2011,898
Orxeta,2010,875
Orxeta,2009,870
Orxeta,2008,830
Orxeta,2007,758
Orxeta,2006,719
Orxeta,2005,718
Orxeta,2004,675
Orxeta,2003,285
Orxeta,2002,418
Orxeta,2001,422
Orxeta,2000,427
Orxeta,1999,429
Orxeta,1998,444
Orxeta,1996,470
Parcent,2025,1037
Parcent,2024,1021
Parcent,2023,1003
Parcent,2022,997
Parcent,2021,983
Parcent,2020,967
Parcent,2019,929
Parcent,2018,908
Parcent,2017,965
Parcent,2016,985
Parcent,2015,997
Parcent,2014,1020
Parcent,2013,1104
Parcent,2012,1131
Parcent,2011,1123
Parcent,2010,1085
Parcent,2009,1081
Parcent,2008,1066
Parcent,2007,1061
Parcent,2006,1019
Parcent,2005,960
Parcent,2004,907
Parcent,2003,896
Parcent,2002,809
Parcent,2001,832
Parcent,2000,857
Parcent,1999,826
Parcent,1998,785
Parcent,1996,767
Pedreguer,2025,8849
Pedreguer,2024,8687
Pedreguer,2023,8558
Pedreguer,2022,8280
Pedreguer,2021,8006
Pedreguer,2020,7881
Pedreguer,2019,7699
Pedreguer,2018,7490
Pedreguer,2017,7435
Pedreguer,2016,7431
Pedreguer,2015,7337
Pedreguer,2014,7438
Pedreguer,2013,7757
Pedreguer,2012,7751
Pedreguer,2011,7659
Pedreguer,2010,7603
Pedreguer,2009,7602
Pedreguer,2008,7480
Pedreguer,2007,7097
Pedreguer,2006,6857
Pedreguer,2005,6733
Pedreguer,2004,6489
Pedreguer,2003,6483
Pedreguer,2002,6152
Pedreguer,2001,6085
Pedreguer,2000,5952
Pedreguer,1999,5941
Pedreguer,1998,5815
Pedreguer,1996,5853
Pego,2025,10791
Pego,2024,10632
Pego,2023,10485
Pego,2022,10295
Pego,2021,10240
Pego,2020,10133
Pego,2019,10128
Pego,2018,10052
Pego,2017,9923
Pego,2016,10158
Pego,2015,10331
Pego,2014,10144
Pego,2013,10957
Pego,2012,11029
Pego,2011,11116
Pego,2010,11208
Pego,2009,11133
Pego,2008,11043
Pego,2007,10878
Pego,2006,10721
Pego,2005,10781
Pego,2004,10749
Pego,2003,10659
Pego,2002,10231
Pego,2001,10113
Pego,2000,10103
Pego,1999,10186
Pego,1998,10177
Pego,1996,10369
Penàguila,2025,305
Penàguila,2024,293
Penàguila,2023,313
Penàguila,2022,287
Penàguila,2021,275
Penàguila,2020,269
Penàguila,2019,292
Penàguila,2018,301
Penàguila,2017,308
Penàguila,2016,328
Penàguila,2015,353
Penàguila,2014,324
Penàguila,2013,321
Penàguila,2012,318
Penàguila,2011,332
Penàguila,2010,324
Penàguila,2009,323
Penàguila,2008,323
Penàguila,2007,330
Penàguila,2006,334
Penàguila,2005,354
Penàguila,2004,344
Penàguila,2003,358
Penàguila,2002,369
Penàguila,2001,372
Penàguila,2000,391
Penàguila,1999,366
Penàguila,1998,335
Penàguila,1996,346
Petrer,2025,34022
Petrer,2024,34076
Petrer,2023,33914
Petrer,2022,33978
Petrer,2021,34009
Petrer,2020,34241
Petrer,2019,34276
Petrer,2018,34479
Petrer,2017,34533
Petrer,2016,34533
Petrer,2015,34586
Petrer,2014,34754
Petrer,2013,34757
Petrer,2012,34697
Petrer,2011,34726
Petrer,2010,34634
Petrer,2009,34523
Petrer,2008,34109
Petrer,2007,33486
Petrer,2006,33026
Petrer,2005,32388
Petrer,2004,31919
Petrer,2003,31255
Petrer,2002,30556
Petrer,2001,29567
Petrer,2000,28765
Petrer,1999,28223
Petrer,1998,27604
Petrer,1996,26505
Pilar de la Horadada,2025,24316
Pilar de la Horadada,2024,23844
Pilar de la Horadada,2023,23428
Pilar de la Horadada,2022,22949
Pilar de la Horadada,2021,22597
Pilar de la Horadada,2020,22347
Pilar de la Horadada,2019,21905
Pilar de la Horadada,2018,21418
Pilar de la Horadada,2017,21202
Pilar de la Horadada,2016,21348
Pilar de la Horadada,2015,21629
Pilar de la Horadada,2014,21588
Pilar de la Horadada,2013,23670
Pilar de la Horadada,2012,23403
Pilar de la Horadada,2011,22967
Pilar de la Horadada,2010,22555
Pilar de la Horadada,2009,22050
Pilar de la Horadada,2008,21424
Pilar de la Horadada,2007,20338
Pilar de la Horadada,2006,19578
Pilar de la Horadada,2005,18051
Pilar de la Horadada,2004,16050
Pilar de la Horadada,2003,14958
Pilar de la Horadada,2002,13246
Pilar de la Horadada,2001,12179
Pilar de la Horadada,2000,11495
Pilar de la Horadada,1999,10723
Pilar de la Horadada,1998,10210
Pilar de la Horadada,1996,9528
"Pinós, el/Pinoso",2025,8523
"Pinós, el/Pinoso",2024,8407
"Pinós, el/Pinoso",2023,8281
"Pinós, el/Pinoso",2022,8084
"Pinós, el/Pinoso",2021,8142
"Pinós, el/Pinoso",2020,8025
"Pinós, el/Pinoso",2019,7966
"Pinós, el/Pinoso",2018,7845
"Pinós, el/Pinoso",2017,7718
"Pinós, el/Pinoso",2016,7627
"Pinós, el/Pinoso",2015,7695
"Pinós, el/Pinoso",2014,7663
"Pinós, el/Pinoso",2013,7874
"Pinós, el/Pinoso",2012,7908
"Pinós, el/Pinoso",2011,7904
"Pinós, el/Pinoso",2010,7909
"Pinós, el/Pinoso",2009,7689
"Pinós, el/Pinoso",2008,7623
"Pinós, el/Pinoso",2007,7442
"Pinós, el/Pinoso",2006,7315
"Pinós, el/Pinoso",2005,7072
"Pinós, el/Pinoso",2004,6878
"Pinós, el/Pinoso",2003,6645
"Pinós, el/Pinoso",2002,6457
"Pinós, el/Pinoso",2001,6273
"Pinós, el/Pinoso",2000,6186
"Pinós, el/Pinoso",1999,6064
"Pinós, el/Pinoso",1998,6026
"Pinós, el/Pinoso",1996,5970
Planes,2025,697
Planes,2024,696
Planes,2023,699
Planes,2022,695
Planes,2021,693
Planes,2020,682
Planes,2019,693
Planes,2018,713
Planes,2017,733
Planes,2016,725
Planes,2015,753
Planes,2014,778
Planes,2013,817
Planes,2012,831
Planes,2011,836
Planes,2010,850
Planes,2009,844
Planes,2008,839
Planes,2007,803
Planes,2006,799
Planes,2005,793
Planes,2004,794
Planes,2003,789
Planes,2002,796
Planes,2001,805
Planes,2000,815
Planes,1999,813
Planes,1998,809
Planes,1996,822
"Poblets, els",2025,2757
"Poblets, els",2024,2684
"Poblets, els",2023,2763
"Poblets, els",2022,2735
"Poblets, els",2021,2721
"Poblets, els",2020,2714
"Poblets, els",2019,2705
"Poblets, els",2018,2864
"Poblets, els",2017,2926
"Poblets, els",2016,3246
"Poblets, els",2015,3303
"Poblets, els",2014,3350
"Poblets, els",2013,3402
"Poblets, els",2012,3404
"Poblets, els",2011,3394
"Poblets, els",2010,3310
"Poblets, els",2009,3288
"Poblets, els",2008,3267
"Poblets, els",2007,3078
"Poblets, els",2006,2865
"Poblets, els",2005,2404
"Poblets, els",2004,2242
"Poblets, els",2003,2274
"Poblets, els",2002,2044
"Poblets, els",2001,1857
"Poblets, els",2000,1688
"Poblets, els",1999,1485
"Poblets, els",1998,1368
"Poblets, els",1996,1191
Polop,2025,5828
Polop,2024,5650
Polop,2023,5339
Polop,2022,5186
Polop,2021,5069
Polop,2020,5064
Polop,2019,4965
Polop,2018,4850
Polop,2017,4725
Polop,2016,4549
Polop,2015,4369
Polop,2014,4313
Polop,2013,4688
Polop,2012,4549
Polop,2011,4474
Polop,2010,4294
Polop,2009,4245
Polop,2008,4112
Polop,2007,3869
Polop,2006,3636
Polop,2005,3353
Polop,2004,2934
Polop,2003,2489
Polop,2002,2391
Polop,2001,2243
Polop,2000,2136
Polop,1999,2024
Polop,1998,2009
Polop,1996,1995
Quatretondeta,2025,130
Quatretondeta,2024,134
Quatretondeta,2023,136
Quatretondeta,2022,133
Quatretondeta,2021,117
Quatretondeta,2020,118
Quatretondeta,2019,122
Quatretondeta,2018,121
Quatretondeta,2017,109
Quatretondeta,2016,113
Quatretondeta,2015,111
Quatretondeta,2014,115
Quatretondeta,2013,117
Quatretondeta,2012,109
Quatretondeta,2011,114
Quatretondeta,2010,122
Quatretondeta,2009,129
Quatretondeta,2008,137
Quatretondeta,2007,138
Quatretondeta,2006,145
Quatretondeta,2005,150
Quatretondeta,2004,150
Quatretondeta,2003,160
Quatretondeta,2002,169
Quatretondeta,2001,175
Quatretondeta,2000,179
Quatretondeta,1999,182
Quatretondeta,1998,185
Quatretondeta,1996,189
Rafal,2025,4849
Rafal,2024,4900
Rafal,2023,4800
Rafal,2022,4634
Rafal,2021,4597
Rafal,2020,4553
Rafal,2019,4498
Rafal,2018,4418
Rafal,2017,4322
Rafal,2016,4218
Rafal,2015,4167
Rafal,2014,4138
Rafal,2013,4170
Rafal,2012,4213
Rafal,2011,4162
Rafal,2010,4181
Rafal,2009,4135
Rafal,2008,4028
Rafal,2007,3901
Rafal,2006,3805
Rafal,2005,3770
Rafal,2004,3586
Rafal,2003,3506
Rafal,2002,3464
Rafal,2001,3366
Rafal,2000,3201
Rafal,1999,3123
Rafal,1998,3081
Rafal,1996,3027
"Ràfol d'Almúnia, el",2025,734
"Ràfol d'Almúnia, el",2024,703
"Ràfol d'Almúnia, el",2023,721
"Ràfol d'Almúnia, el",2022,731
"Ràfol d'Almúnia, el",2021,670
"Ràfol d'Almúnia, el",2020,648
"Ràfol d'Almúnia, el",2019,653
"Ràfol d'Almúnia, el",2018,644
"Ràfol d'Almúnia, el",2017,631
"Ràfol d'Almúnia, el",2016,630
"Ràfol d'Almúnia, el",2015,635
"Ràfol d'Almúnia, el",2014,659
"Ràfol d'Almúnia, el",2013,719
"Ràfol d'Almúnia, el",2012,749
"Ràfol d'Almúnia, el",2011,746
"Ràfol d'Almúnia, el",2010,726
"Ràfol d'Almúnia, el",2009,697
"Ràfol d'Almúnia, el",2008,692
"Ràfol d'Almúnia, el",2007,635
"Ràfol d'Almúnia, el",2006,588
"Ràfol d'Almúnia, el",2005,532
"Ràfol d'Almúnia, el",2004,536
"Ràfol d'Almúnia, el",2003,498
"Ràfol d'Almúnia, el",2002,481
"Ràfol d'Almúnia, el",2001,428
"Ràfol d'Almúnia, el",2000,402
"Ràfol d'Almúnia, el",1999,386
"Ràfol d'Almúnia, el",1998,364
"Ràfol d'Almúnia, el",1996,368
Redován,2025,8283
Redován,2024,8285
Redován,2023,8183
Redován,2022,8123
Redován,2021,8058
Redován,2020,7926
Redován,2019,7869
Redován,2018,7797
Redován,2017,7811
Redován,2016,7765
Redován,2015,7706
Redován,2014,7623
Redován,2013,7672
Redován,2012,7554
Redován,2011,7522
Redován,2010,7467
Redován,2009,7335
Redován,2008,7261
Redován,2007,6982
Redován,2006,6825
Redován,2005,6645
Redován,2004,6257
Redován,2003,5956
Redován,2002,5806
Redován,2001,5596
Redován,2000,5450
Redován,1999,5398
Redován,1998,5348
Redován,1996,5268
Relleu,2025,1375
Relleu,2024,1288
Relleu,2023,1248
Relleu,2022,1171
Relleu,2021,1173
Relleu,2020,1148
Relleu,2019,1160
Relleu,2018,1147
Relleu,2017,1118
Relleu,2016,1258
Relleu,2015,1279
Relleu,2014,1258
Relleu,2013,1330
Relleu,2012,1342
Relleu,2011,1338
Relleu,2010,1279
Relleu,2009,1262
Relleu,2008,1205
Relleu,2007,1090
Relleu,2006,1046
Relleu,2005,1022
Relleu,2004,925
Relleu,2003,856
Relleu,2002,821
Relleu,2001,784
Relleu,2000,795
Relleu,1999,806
Relleu,1998,815
Relleu,1996,822
Rojales,2025,17652
Rojales,2024,17162
Rojales,2023,17451
Rojales,2022,16943
Rojales,2021,15978
Rojales,2020,16671
Rojales,2019,16963
Rojales,2018,16560
Rojales,2017,16231
Rojales,2016,17622
Rojales,2015,18127
Rojales,2014,18824
Rojales,2013,21686
Rojales,2012,22006
Rojales,2011,21583
Rojales,2010,20953
Rojales,2009,20510
Rojales,2008,19247
Rojales,2007,17543
Rojales,2006,15987
Rojales,2005,13807
Rojales,2004,11657
Rojales,2003,10681
Rojales,2002,9026
Rojales,2001,7954
Rojales,2000,7321
Rojales,1999,7099
Rojales,1998,7048
Rojales,1996,7195
"Romana, la",2025,2729
"Romana, la",2024,2672
"Romana, la",2023,2632
"Romana, la",2022,2605
"Romana, la",2021,2542
"Romana, la",2020,2492
"Romana, la",2019,2434
"Romana, la",2018,2376
"Romana, la",2017,2377
"Romana, la",2016,2411
"Romana, la",2015,2431
"Romana, la",2014,2465
"Romana, la",2013,2474
"Romana, la",2012,2509
"Romana, la",2011,2554
"Romana, la",2010,2602
"Romana, la",2009,2576
"Romana, la",2008,2539
"Romana, la",2007,2467
"Romana, la",2006,2407
"Romana, la",2005,2361
"Romana, la",2004,2235
"Romana, la",2003,2122
"Romana, la",2002,2069
"Romana, la",2001,2009
"Romana, la",2000,1995
"Romana, la",1999,1992
"Romana, la",1998,1978
"Romana, la",1996,2005
Sagra,2025,441
Sagra,2024,441
Sagra,2023,442
Sagra,2022,435
Sagra,2021,427
Sagra,2020,426
Sagra,2019,408
Sagra,2018,389
Sagra,2017,393
Sagra,2016,414
Sagra,2015,410
Sagra,2014,408
Sagra,2013,432
Sagra,2012,446
Sagra,2011,454
Sagra,2010,465
Sagra,2009,444
Sagra,2008,434
Sagra,2007,457
Sagra,2006,464
Sagra,2005,456
Sagra,2004,422
Sagra,2003,421
Sagra,2002,416
Sagra,2001,406
Sagra,2000,399
Sagra,1999,398
Sagra,1998,389
Sagra,1996,379
Salinas,2025,1828
Salinas,2024,1775
Salinas,2023,1733
Salinas,2022,1678
Salinas,2021,1642
Salinas,2020,1620
Salinas,2019,1601
Salinas,2018,1585
Salinas,2017,1562
Salinas,2016,1569
Salinas,2015,1597
Salinas,2014,1583
Salinas,2013,1586
Salinas,2012,1603
Salinas,2011,1559
Salinas,2010,1549
Salinas,2009,1596
Salinas,2008,1588
Salinas,2007,1522
Salinas,2006,1498
Salinas,2005,1466
Salinas,2004,1402
Salinas,2003,1388
Salinas,2002,1322
Salinas,2001,1264
Salinas,2000,1215
Salinas,1999,1188
Salinas,1998,1180
Salinas,1996,1174
San Fulgencio,2025,9769
San Fulgencio,2024,9433
San Fulgencio,2023,9443
San Fulgencio,2022,9091
San Fulgencio,2021,8447
San Fulgencio,2020,8071
San Fulgencio,2019,7855
San Fulgencio,2018,7943
San Fulgencio,2017,7646
San Fulgencio,2016,7384
San Fulgencio,2015,9021
San Fulgencio,2014,9237
San Fulgencio,2013,12688
San Fulgencio,2012,12529
San Fulgencio,2011,12354
San Fulgencio,2010,12144
San Fulgencio,2009,12030
San Fulgencio,2008,11594
San Fulgencio,2007,10583
San Fulgencio,2006,9597
San Fulgencio,2005,8197
San Fulgencio,2004,6685
San Fulgencio,2003,5700
San Fulgencio,2002,4815
San Fulgencio,2001,4103
San Fulgencio,2000,3706
San Fulgencio,1999,3384
San Fulgencio,1998,3149
San Fulgencio,1996,2888
San Isidro,2025,2337
San Isidro,2024,2312
San Isidro,2023,2208
San Isidro,2022,2154
San Isidro,2021,2146
San Isidro,2020,2103
San Isidro,2019,1986
San Isidro,2018,1933
San Isidro,2017,1920
San Isidro,2016,1915
San Isidro,2015,1874
San Isidro,2014,1891
San Isidro,2013,1901
San Isidro,2012,1921
San Isidro,2011,1934
San Isidro,2010,1874
San Isidro,2009,1806
San Isidro,2008,1708
San Isidro,2007,1561
San Isidro,2006,1401
San Isidro,2005,1368
San Isidro,2004,1332
San Isidro,2003,1338
San Isidro,2002,1330
San Isidro,2001,1294
San Isidro,2000,1274
San Isidro,1999,1249
San Isidro,1998,1253
San Isidro,1996,1256
San Miguel de Salinas,2025,7177
San Miguel de Salinas,2024,6976
San Miguel de Salinas,2023,6798
San Miguel de Salinas,2022,6659
San Miguel de Salinas,2021,6553
San Miguel de Salinas,2020,6313
San Miguel de Salinas,2019,6034
San Miguel de Salinas,2018,5811
San Miguel de Salinas,2017,5797
San Miguel de Salinas,2016,6193
San Miguel de Salinas,2015,6773
San Miguel de Salinas,2014,6911
San Miguel de Salinas,2013,7012
San Miguel de Salinas,2012,7602
San Miguel de Salinas,2011,7862
San Miguel de Salinas,2010,8057
San Miguel de Salinas,2009,8135
San Miguel de Salinas,2008,8056
San Miguel de Salinas,2007,7625
San Miguel de Salinas,2006,7104
San Miguel de Salinas,2005,6620
San Miguel de Salinas,2004,5781
San Miguel de Salinas,2003,5333
San Miguel de Salinas,2002,4678
San Miguel de Salinas,2001,4162
San Miguel de Salinas,2000,3893
San Miguel de Salinas,1999,3691
San Miguel de Salinas,1998,3594
San Miguel de Salinas,1996,3521
Sant Vicent del Raspeig/San Vicente del Raspeig,2025,60247
Sant Vicent del Raspeig/San Vicente del Raspeig,2024,60269
Sant Vicent del Raspeig/San Vicente del Raspeig,2023,59928
Sant Vicent del Raspeig/San Vicente del Raspeig,2022,59138
Sant Vicent del Raspeig/San Vicente del Raspeig,2021,58912
Sant Vicent del Raspeig/San Vicente del Raspeig,2020,58978
Sant Vicent del Raspeig/San Vicente del Raspeig,2019,58385
Sant Vicent del Raspeig/San Vicente del Raspeig,2018,57785
Sant Vicent del Raspeig/San Vicente del Raspeig,2017,57175
Sant Vicent del Raspeig/San Vicente del Raspeig,2016,56715
Sant Vicent del Raspeig/San Vicente del Raspeig,2015,56302
Sant Vicent del Raspeig/San Vicente del Raspeig,2014,55946
Sant Vicent del Raspeig/San Vicente del Raspeig,2013,55781
Sant Vicent del Raspeig/San Vicente del Raspeig,2012,55100
Sant Vicent del Raspeig/San Vicente del Raspeig,2011,54531
Sant Vicent del Raspeig/San Vicente del Raspeig,2010,54088
Sant Vicent del Raspeig/San Vicente del Raspeig,2009,53126
Sant Vicent del Raspeig/San Vicente del Raspeig,2008,51507
Sant Vicent del Raspeig/San Vicente del Raspeig,2007,49341
Sant Vicent del Raspeig/San Vicente del Raspeig,2006,47706
Sant Vicent del Raspeig/San Vicente del Raspeig,2005,46034
Sant Vicent del Raspeig/San Vicente del Raspeig,2004,44226
Sant Vicent del Raspeig/San Vicente del Raspeig,2003,42647
Sant Vicent del Raspeig/San Vicente del Raspeig,2002,40599
Sant Vicent del Raspeig/San Vicente del Raspeig,2001,39053
Sant Vicent del Raspeig/San Vicente del Raspeig,2000,37883
Sant Vicent del Raspeig/San Vicente del Raspeig,1999,37484
Sant Vicent del Raspeig/San Vicente del Raspeig,1998,36291
Sant Vicent del Raspeig/San Vicente del Raspeig,1996,34986
Sanet y Negrals,2025,712
Sanet y Negrals,2024,722
Sanet y Negrals,2023,737
Sanet y Negrals,2022,734
Sanet y Negrals,2021,702
Sanet y Negrals,2020,690
Sanet y Negrals,2019,667
Sanet y Negrals,2018,648
Sanet y Negrals,2017,634
Sanet y Negrals,2016,649
Sanet y Negrals,2015,674
Sanet y Negrals,2014,670
Sanet y Negrals,2013,664
Sanet y Negrals,2012,700
Sanet y Negrals,2011,717
Sanet y Negrals,2010,727
Sanet y Negrals,2009,734
Sanet y Negrals,2008,740
Sanet y Negrals,2007,727
Sanet y Negrals,2006,684
Sanet y Negrals,2005,664
Sanet y Negrals,2004,623
Sanet y Negrals,2003,600
Sanet y Negrals,2002,592
Sanet y Negrals,2001,570
Sanet y Negrals,2000,547
Sanet y Negrals,1999,537
Sanet y Negrals,1998,546
Sanet y Negrals,1996,566
Sant Joan d'Alacant,2025,26834
Sant Joan d'Alacant,2024,25918
Sant Joan d'Alacant,2023,25275
Sant Joan d'Alacant,2022,24450
Sant Joan d'Alacant,2021,24363
Sant Joan d'Alacant,2020,24367
Sant Joan d'Alacant,2019,23915
Sant Joan d'Alacant,2018,23518
Sant Joan d'Alacant,2017,23149
Sant Joan d'Alacant,2016,22897
Sant Joan d'Alacant,2015,22825
Sant Joan d'Alacant,2014,22804
Sant Joan d'Alacant,2013,23026
Sant Joan d'Alacant,2012,22740
Sant Joan d'Alacant,2011,22554
Sant Joan d'Alacant,2010,22138
Sant Joan d'Alacant,2009,21939
Sant Joan d'Alacant,2008,21681
Sant Joan d'Alacant,2007,20997
Sant Joan d'Alacant,2006,20430
Sant Joan d'Alacant,2005,19711
Sant Joan d'Alacant,2004,19027
Sant Joan d'Alacant,2003,18107
Sant Joan d'Alacant,2002,17478
Sant Joan d'Alacant,2001,17017
Sant Joan d'Alacant,2000,16895
Sant Joan d'Alacant,1999,16910
Sant Joan d'Alacant,1998,16299
Sant Joan d'Alacant,1996,16008
Santa Pola,2025,39709
Santa Pola,2024,38556
Santa Pola,2023,37816
Santa Pola,2022,36174
Santa Pola,2021,34148
Santa Pola,2020,33303
Santa Pola,2019,32306
Santa Pola,2018,31745
Santa Pola,2017,31137
Santa Pola,2016,31309
Santa Pola,2015,31657
Santa Pola,2014,31529
Santa Pola,2013,34134
Santa Pola,2012,33965
Santa Pola,2011,33372
Santa Pola,2010,32507
Santa Pola,2009,31760
Santa Pola,2008,30987
Santa Pola,2007,29221
Santa Pola,2006,27521
Santa Pola,2005,25494
Santa Pola,2004,23220
Santa Pola,2003,22253
Santa Pola,2002,20965
Santa Pola,2001,19720
Santa Pola,2000,18922
Santa Pola,1999,18253
Santa Pola,1998,17600
Santa Pola,1996,17099
Sax,2025,10346
Sax,2024,10172
Sax,2023,10072
Sax,2022,9988
Sax,2021,9935
Sax,2020,9859
Sax,2019,9845
Sax,2018,9771
Sax,2017,9737
Sax,2016,9700
Sax,2015,9696
Sax,2014,9741
Sax,2013,10091
Sax,2012,10069
Sax,2011,10041
Sax,2010,10099
Sax,2009,10054
Sax,2008,9908
Sax,2007,9716
Sax,2006,9577
Sax,2005,9399
Sax,2004,9222
Sax,2003,8953
Sax,2002,8664
Sax,2001,8570
Sax,2000,8625
Sax,1999,8602
Sax,1998,8581
Sax,1996,8605
Sella,2025,621
Sella,2024,604
Sella,2023,607
Sella,2022,592
Sella,2021,578
Sella,2020,577
Sella,2019,580
Sella,2018,585
Sella,2017,579
Sella,2016,584
Sella,2015,588
Sella,2014,584
Sella,2013,615
Sella,2012,626
Sella,2011,636
Sella,2010,649
Sella,2009,652
Sella,2008,646
Sella,2007,639
Sella,2006,650
Sella,2005,633
Sella,2004,620
Sella,2003,591
Sella,2002,586
Sella,2001,595
Sella,2000,591
Sella,1999,590
Sella,1998,579
Sella,1996,587
Senija,2025,698
Senija,2024,696
Senija,2023,670
Senija,2022,623
Senija,2021,605
Senija,2020,583
Senija,2019,584
Senija,2018,581
Senija,2017,578
Senija,2016,577
Senija,2015,610
Senija,2014,622
Senija,2013,661
Senija,2012,642
Senija,2011,661
Senija,2010,661
Senija,2009,636
Senija,2008,645
Senija,2007,658
Senija,2006,649
Senija,2005,619
Senija,2004,566
Senija,2003,542
Senija,2002,537
Senija,2001,520
Senija,2000,509
Senija,1999,472
Senija,1998,479
Senija,1996,474
Tàrbena,2025,662
Tàrbena,2024,634
Tàrbena,2023,630
Tàrbena,2022,624
Tàrbena,2021,642
Tàrbena,2020,623
Tàrbena,2019,646
Tàrbena,2018,627
Tàrbena,2017,640
Tàrbena,2016,636
Tàrbena,2015,661
Tàrbena,2014,686
Tàrbena,2013,797
Tàrbena,2012,809
Tàrbena,2011,809
Tàrbena,2010,801
Tàrbena,2009,792
Tàrbena,2008,772
Tàrbena,2007,758
Tàrbena,2006,751
Tàrbena,2005,736
Tàrbena,2004,721
Tàrbena,2003,736
Tàrbena,2002,725
Tàrbena,2001,705
Tàrbena,2000,693
Tàrbena,1999,702
Tàrbena,1998,701
Tàrbena,1996,721
Teulada,2025,12912
Teulada,2024,12834
Teulada,2023,12515
Teulada,2022,11944
Teulada,2021,11466
Teulada,2020,11278
Teulada,2019,11112
Teulada,2018,10722
Teulada,2017,10097
Teulada,2016,10654
Teulada,2015,11460
Teulada,2014,11824
Teulada,2013,14452
Teulada,2012,14578
Teulada,2011,14722
Teulada,2010,14778
Teulada,2009,14620
Teulada,2008,14236
Teulada,2007,13281
Teulada,2006,12745
Teulada,2005,11983
Teulada,2004,11060
Teulada,2003,12299
Teulada,2002,10858
Teulada,2001,10010
Teulada,2000,9328
Teulada,1999,8901
Teulada,1998,8672
Teulada,1996,8430
Tibi,2025,1757
Tibi,2024,1803
Tibi,2023,1808
Tibi,2022,1731
Tibi,2021,1691
Tibi,2020,1662
Tibi,2019,1614
Tibi,2018,1564
Tibi,2017,1603
Tibi,2016,1634
Tibi,2015,1656
Tibi,2014,1657
Tibi,2013,1757
Tibi,2012,1761
Tibi,2011,1763
Tibi,2010,1745
Tibi,2009,1719
Tibi,2008,1677
Tibi,2007,1625
Tibi,2006,1572
Tibi,2005,1485
Tibi,2004,1416
Tibi,2003,1299
Tibi,2002,1267
Tibi,2001,1231
Tibi,2000,1205
Tibi,1999,1176
Tibi,1998,1197
Tibi,1996,1147
Tollos,2025,32
Tollos,2024,38
Tollos,2023,40
Tollos,2022,30
Tollos,2021,37
Tollos,2020,35
Tollos,2019,57
Tollos,2018,56
Tollos,2017,50
Tollos,2016,53
Tollos,2015,52
Tollos,2014,59
Tollos,2013,38
Tollos,2012,45
Tollos,2011,49
Tollos,2010,57
Tollos,2009,68
Tollos,2008,65
Tollos,2007,65
Tollos,2006,43
Tollos,2005,35
Tollos,2004,34
Tollos,2003,38
Tollos,2002,42
Tollos,2001,42
Tollos,2000,42
Tollos,1999,43
Tollos,1998,43
Tollos,1996,47
Tormos,2025,323
Tormos,2024,328
Tormos,2023,339
Tormos,2022,332
Tormos,2021,327
Tormos,2020,318
Tormos,2019,340
Tormos,2018,336
Tormos,2017,333
Tormos,2016,323
Tormos,2015,312
Tormos,2014,317
Tormos,2013,386
Tormos,2012,386
Tormos,2011,383
Tormos,2010,380
Tormos,2009,377
Tormos,2008,375
Tormos,2007,339
Tormos,2006,346
Tormos,2005,328
Tormos,2004,305
Tormos,2003,303
Tormos,2002,312
Tormos,2001,308
Tormos,2000,303
Tormos,1999,292
Tormos,1998,299
Tormos,1996,305
"Torre de les Maçanes, la/Torremanzanas",2025,749
"Torre de les Maçanes, la/Torremanzanas",2024,744
"Torre de les Maçanes, la/Torremanzanas",2023,714
"Torre de les Maçanes, la/Torremanzanas",2022,683
"Torre de les Maçanes, la/Torremanzanas",2021,681
"Torre de les Maçanes, la/Torremanzanas",2020,636
"Torre de les Maçanes, la/Torremanzanas",2019,661
"Torre de les Maçanes, la/Torremanzanas",2018,654
"Torre de les Maçanes, la/Torremanzanas",2017,682
"Torre de les Maçanes, la/Torremanzanas",2016,727
"Torre de les Maçanes, la/Torremanzanas",2015,746
"Torre de les Maçanes, la/Torremanzanas",2014,743
"Torre de les Maçanes, la/Torremanzanas",2013,770
"Torre de les Maçanes, la/Torremanzanas",2012,797
"Torre de les Maçanes, la/Torremanzanas",2011,802
"Torre de les Maçanes, la/Torremanzanas",2010,788
"Torre de les Maçanes, la/Torremanzanas",2009,742
"Torre de les Maçanes, la/Torremanzanas",2008,758
"Torre de les Maçanes, la/Torremanzanas",2007,745
"Torre de les Maçanes, la/Torremanzanas",2006,733
"Torre de les Maçanes, la/Torremanzanas",2005,727
"Torre de les Maçanes, la/Torremanzanas",2004,717
"Torre de les Maçanes, la/Torremanzanas",2003,709
"Torre de les Maçanes, la/Torremanzanas",2002,695
"Torre de les Maçanes, la/Torremanzanas",2001,703
"Torre de les Maçanes, la/Torremanzanas",2000,720
"Torre de les Maçanes, la/Torremanzanas",1999,724
"Torre de les Maçanes, la/Torremanzanas",1998,727
"Torre de les Maçanes, la/Torremanzanas",1996,749
Torrevieja,2025,98533
Torrevieja,2024,94803
Torrevieja,2023,89290
Torrevieja,2022,83547
Torrevieja,2021,82842
Torrevieja,2020,84667
Torrevieja,2019,83337
Torrevieja,2018,82599
Torrevieja,2017,83252
Torrevieja,2016,84213
Torrevieja,2015,88447
Torrevieja,2014,91415
Torrevieja,2013,105205
Torrevieja,2012,103720
Torrevieja,2011,102136
Torrevieja,2010,101091
Torrevieja,2009,101792
Torrevieja,2008,101381
Torrevieja,2007,94006
Torrevieja,2006,92034
Torrevieja,2005,84348
Torrevieja,2004,75530
Torrevieja,2003,77943
Torrevieja,2002,69763
Torrevieja,2001,58828
Torrevieja,2000,50189
Torrevieja,1999,42278
Torrevieja,1998,38336
Torrevieja,1996,35998
"Vall d'Alcalà, la",2025,159
"Vall d'Alcalà, la",2024,175
"Vall d'Alcalà, la",2023,174
"Vall d'Alcalà, la",2022,164
"Vall d'Alcalà, la",2021,163
"Vall d'Alcalà, la",2020,160
"Vall d'Alcalà, la",2019,167
"Vall d'Alcalà, la",2018,164
"Vall d'Alcalà, la",2017,168
"Vall d'Alcalà, la",2016,171
"Vall d'Alcalà, la",2015,169
"Vall d'Alcalà, la",2014,175
"Vall d'Alcalà, la",2013,177
"Vall d'Alcalà, la",2012,175
"Vall d'Alcalà, la",2011,187
"Vall d'Alcalà, la",2010,185
"Vall d'Alcalà, la",2009,192
"Vall d'Alcalà, la",2008,186
"Vall d'Alcalà, la",2007,191
"Vall d'Alcalà, la",2006,179
"Vall d'Alcalà, la",2005,167
"Vall d'Alcalà, la",2004,167
"Vall d'Alcalà, la",2003,176
"Vall d'Alcalà, la",2002,170
"Vall d'Alcalà, la",2001,175
"Vall d'Alcalà, la",2000,181
"Vall d'Alcalà, la",1999,179
"Vall d'Alcalà, la",1998,176
"Vall d'Alcalà, la",1996,186
"Vall de Gallinera, la",2025,583
"Vall de Gallinera, la",2024,584
"Vall de Gallinera, la",2023,581
"Vall de Gallinera, la",2022,579
"Vall de Gallinera, la",2021,557
"Vall de Gallinera, la",2020,527
"Vall de Gallinera, la",2019,571
"Vall de Gallinera, la",2018,589
"Vall de Gallinera, la",2017,594
"Vall de Gallinera, la",2016,582
"Vall de Gallinera, la",2015,609
"Vall de Gallinera, la",2014,595
"Vall de Gallinera, la",2013,609
"Vall de Gallinera, la",2012,676
"Vall de Gallinera, la",2011,694
"Vall de Gallinera, la",2010,662
"Vall de Gallinera, la",2009,664
"Vall de Gallinera, la",2008,671
"Vall de Gallinera, la",2007,672
"Vall de Gallinera, la",2006,623
"Vall de Gallinera, la",2005,622
"Vall de Gallinera, la",2004,590
"Vall de Gallinera, la",2003,595
"Vall de Gallinera, la",2002,578
"Vall de Gallinera, la",2001,578
"Vall de Gallinera, la",2000,578
"Vall de Gallinera, la",1999,596
"Vall de Gallinera, la",1998,614
"Vall de Gallinera, la",1996,682
"Vall de Laguar, la",2025,905
"Vall de Laguar, la",2024,903
"Vall de Laguar, la",2023,873
"Vall de Laguar, la",2022,890
"Vall de Laguar, la",2021,843
"Vall de Laguar, la",2020,827
"Vall de Laguar, la",2019,846
"Vall de Laguar, la",2018,820
"Vall de Laguar, la",2017,825
"Vall de Laguar, la",2016,801
"Vall de Laguar, la",2015,826
"Vall de Laguar, la",2014,872
"Vall de Laguar, la",2013,942
"Vall de Laguar, la",2012,959
"Vall de Laguar, la",2011,961
"Vall de Laguar, la",2010,981
"Vall de Laguar, la",2009,987
"Vall de Laguar, la",2008,997
"Vall de Laguar, la",2007,937
"Vall de Laguar, la",2006,948
"Vall de Laguar, la",2005,932
"Vall de Laguar, la",2004,894
"Vall de Laguar, la",2003,884
"Vall de Laguar, la",2002,885
"Vall de Laguar, la",2001,892
"Vall de Laguar, la",2000,912
"Vall de Laguar, la",1999,916
"Vall de Laguar, la",1998,904
"Vall de Laguar, la",1996,918
"Vall d'Ebo, la",2025,231
"Vall d'Ebo, la",2024,230
"Vall d'Ebo, la",2023,230
"Vall d'Ebo, la",2022,219
"Vall d'Ebo, la",2021,204
"Vall d'Ebo, la",2020,218
"Vall d'Ebo, la",2019,216
"Vall d'Ebo, la",2018,224
"Vall d'Ebo, la",2017,232
"Vall d'Ebo, la",2016,243
"Vall d'Ebo, la",2015,249
"Vall d'Ebo, la",2014,254
"Vall d'Ebo, la",2013,281
"Vall d'Ebo, la",2012,286
"Vall d'Ebo, la",2011,284
"Vall d'Ebo, la",2010,272
"Vall d'Ebo, la",2009,282
"Vall d'Ebo, la",2008,299
"Vall d'Ebo, la",2007,297
"Vall d'Ebo, la",2006,309
"Vall d'Ebo, la",2005,328
"Vall d'Ebo, la",2004,336
"Vall d'Ebo, la",2003,323
"Vall d'Ebo, la",2002,338
"Vall d'Ebo, la",2001,351
"Vall d'Ebo, la",2000,355
"Vall d'Ebo, la",1999,342
"Vall d'Ebo, la",1998,333
"Vall d'Ebo, la",1996,343
"Verger, el",2025,5508
"Verger, el",2024,5272
"Verger, el",2023,5101
"Verger, el",2022,4986
"Verger, el",2021,4841
"Verger, el",2020,4709
"Verger, el",2019,4640
"Verger, el",2018,4520
"Verger, el",2017,4421
"Verger, el",2016,4515
"Verger, el",2015,4627
"Verger, el",2014,4688
"Verger, el",2013,4856
"Verger, el",2012,4992
"Verger, el",2011,4899
"Verger, el",2010,4858
"Verger, el",2009,4865
"Verger, el",2008,4847
"Verger, el",2007,4688
"Verger, el",2006,4538
"Verger, el",2005,4490
"Verger, el",2004,4221
"Verger, el",2003,4071
"Verger, el",2002,3897
"Verger, el",2001,3758
"Verger, el",2000,3642
"Verger, el",1999,3610
"Verger, el",1998,3538
"Verger, el",1996,3627
"Vila Joiosa, la/Villajoyosa",2025,37449
"Vila Joiosa, la/Villajoyosa",2024,36891
"Vila Joiosa, la/Villajoyosa",2023,36093
"Vila Joiosa, la/Villajoyosa",2022,34828
"Vila Joiosa, la/Villajoyosa",2021,34684
"Vila Joiosa, la/Villajoyosa",2020,35199
"Vila Joiosa, la/Villajoyosa",2019,34673
"Vila Joiosa, la/Villajoyosa",2018,33969
"Vila Joiosa, la/Villajoyosa",2017,33607
"Vila Joiosa, la/Villajoyosa",2016,33580
"Vila Joiosa, la/Villajoyosa",2015,33878
"Vila Joiosa, la/Villajoyosa",2014,33951
"Vila Joiosa, la/Villajoyosa",2013,33834
"Vila Joiosa, la/Villajoyosa",2012,33293
"Vila Joiosa, la/Villajoyosa",2011,32733
"Vila Joiosa, la/Villajoyosa",2010,34344
"Vila Joiosa, la/Villajoyosa",2009,33797
"Vila Joiosa, la/Villajoyosa",2008,32534
"Vila Joiosa, la/Villajoyosa",2007,30550
"Vila Joiosa, la/Villajoyosa",2006,29263
"Vila Joiosa, la/Villajoyosa",2005,27983
"Vila Joiosa, la/Villajoyosa",2004,26792
"Vila Joiosa, la/Villajoyosa",2003,26433
"Vila Joiosa, la/Villajoyosa",2002,25073
"Vila Joiosa, la/Villajoyosa",2001,24246
"Vila Joiosa, la/Villajoyosa",2000,23704
"Vila Joiosa, la/Villajoyosa",1999,23340
"Vila Joiosa, la/Villajoyosa",1998,22969
"Vila Joiosa, la/Villajoyosa",1996,22866
Villena,2025,34712
Villena,2024,34385
Villena,2023,34144
Villena,2022,33969
Villena,2021,34025
Villena,2020,34155
Villena,2019,33964
Villena,2018,33983
Villena,2017,33968
Villena,2016,34163
Villena,2015,34361
Villena,2014,34530
Villena,2013,34834
Villena,2012,34894
Villena,2011,34966
Villena,2010,34968
Villena,2009,35222
Villena,2008,34928
Villena,2007,34523
Villena,2006,34186
Villena,2005,34185
Villena,2004,33889
Villena,2003,33455
Villena,2002,32892
Villena,2001,32111
Villena,2000,31760
Villena,1999,31700
Villena,1998,31532
Villena,1996,31555
Xaló,2025,3104
Xaló,2024,3042
Xaló,2023,2964
Xaló,2022,2931
Xaló,2021,2892
Xaló,2020,2868
Xaló,2019,2739
Xaló,2018,2683
Xaló,2017,2636
Xaló,2016,2648
Xaló,2015,2675
Xaló,2014,2793
Xaló,2013,3323
Xaló,2012,3301
Xaló,2011,3320
Xaló,2010,3269
Xaló,2009,3235
Xaló,2008,3189
Xaló,2007,3002
Xaló,2006,2946
Xaló,2005,2805
Xaló,2004,2400
Xaló,2003,2404
Xaló,2002,2307
Xaló,2001,2167
Xaló,2000,2086
Xaló,1999,2001
Xaló,1998,2032
Xaló,1996,2011
