Municipios	Periodo	Total
46 Valencia/València	1991	2.141.114
46 Valencia/València	1981	2.066.413
46 Valencia/València	1970	1.767.327
46 Valencia/València	1960	1.429.708
46 Valencia/València	1950	1.347.912
46 Valencia/València	1940	1.256.633
46 Valencia/València	1930	1.042.154
46 Valencia/València	1920	926.442
46 Valencia/València	1910	884.298
46 Valencia/València	1900	806.556
46001 Ademuz	1991	1.208
46001 Ademuz	1981	1.545
46001 Ademuz	1970	2.180
46001 Ademuz	1960	2.737
46001 Ademuz	1950	3.264
46001 Ademuz	1940	3.611
46001 Ademuz	1930	3.440
46001 Ademuz	1920	3.761
46001 Ademuz	1910	3.638
46001 Ademuz	1900	3.403
46002 Ador	1991	1.082
46002 Ador	1981	1.252
46002 Ador	1970	1.340
46002 Ador	1960	1.321
46002 Ador	1950	1.242
46002 Ador	1940	1.187
46002 Ador	1930	1.104
46002 Ador	1920	904
46002 Ador	1910	903
46002 Ador	1900	822
46004 Agullent	1991	2.026
46004 Agullent	1981	1.969
46004 Agullent	1970	1.615
46004 Agullent	1960	1.544
46004 Agullent	1950	1.359
46004 Agullent	1940	1.245
46004 Agullent	1930	1.193
46004 Agullent	1920	1.355
46004 Agullent	1910	1.341
46004 Agullent	1900	1.133
46042 Aielo de Malferit	1991	3.766
46042 Aielo de Malferit	1981	3.549
46042 Aielo de Malferit	1970	3.156
46042 Aielo de Malferit	1960	3.085
46042 Aielo de Malferit	1950	2.823
46042 Aielo de Malferit	1940	2.595
46042 Aielo de Malferit	1930	2.695
46042 Aielo de Malferit	1920	2.840
46042 Aielo de Malferit	1910	2.895
46042 Aielo de Malferit	1900	2.883
46043 Aielo de Rugat	1991	201
46043 Aielo de Rugat	1981	220
46043 Aielo de Rugat	1970	237
46043 Aielo de Rugat	1960	256
46043 Aielo de Rugat	1950	264
46043 Aielo de Rugat	1940	266
46043 Aielo de Rugat	1930	224
46043 Aielo de Rugat	1920	294
46043 Aielo de Rugat	1910	290
46043 Aielo de Rugat	1900	290
46005 Alaquàs	1991	24.107
46005 Alaquàs	1981	23.550
46005 Alaquàs	1970	19.639
46005 Alaquàs	1960	8.116
46005 Alaquàs	1950	4.332
46005 Alaquàs	1940	3.753
46005 Alaquàs	1930	3.276
46005 Alaquàs	1920	2.765
46005 Alaquàs	1910	2.672
46005 Alaquàs	1900	2.370
46006 Albaida	1991	5.862
46006 Albaida	1981	5.571
46006 Albaida	1970	4.971
46006 Albaida	1960	4.216
46006 Albaida	1950	3.983
46006 Albaida	1940	4.005
46006 Albaida	1930	4.027
46006 Albaida	1920	4.249
46006 Albaida	1910	4.127
46006 Albaida	1900	4.035
46007 Albal	1991	9.109
46007 Albal	1981	8.101
46007 Albal	1970	7.203
46007 Albal	1960	4.784
46007 Albal	1950	4.069
46007 Albal	1940	3.547
46007 Albal	1930	3.100
46007 Albal	1920	2.673
46007 Albal	1910	2.373
46007 Albal	1900	2.293
46008 Albalat de la Ribera	1991	3.421
46008 Albalat de la Ribera	1981	3.570
46008 Albalat de la Ribera	1970	3.551
46008 Albalat de la Ribera	1960	3.354
46008 Albalat de la Ribera	1950	3.342
46008 Albalat de la Ribera	1940	3.180
46008 Albalat de la Ribera	1930	2.990
46008 Albalat de la Ribera	1920	2.928
46008 Albalat de la Ribera	1910	2.850
46008 Albalat de la Ribera	1900	2.625
46009 Albalat dels Sorells	1991	3.515
46009 Albalat dels Sorells	1981	3.608
46009 Albalat dels Sorells	1970	3.063
46009 Albalat dels Sorells	1960	2.447
46009 Albalat dels Sorells	1950	1.851
46009 Albalat dels Sorells	1940	1.835
46009 Albalat dels Sorells	1930	1.693
46009 Albalat dels Sorells	1920	1.634
46009 Albalat dels Sorells	1910	1.500
46009 Albalat dels Sorells	1900	1.198
46010 Albalat dels Tarongers	1991	559
46010 Albalat dels Tarongers	1981	559
46010 Albalat dels Tarongers	1970	629
46010 Albalat dels Tarongers	1960	650
46010 Albalat dels Tarongers	1950	713
46010 Albalat dels Tarongers	1940	754
46010 Albalat dels Tarongers	1930	868
46010 Albalat dels Tarongers	1920	810
46010 Albalat dels Tarongers	1910	923
46010 Albalat dels Tarongers	1900	857
46011 Alberic	1991	8.587
46011 Alberic	1981	8.836
46011 Alberic	1970	8.509
46011 Alberic	1960	7.945
46011 Alberic	1950	7.451
46011 Alberic	1940	7.078
46011 Alberic	1930	6.732
46011 Alberic	1920	6.573
46011 Alberic	1910	6.433
46011 Alberic	1900	5.792
46012 Alborache	1991	859
46012 Alborache	1981	768
46012 Alborache	1970	821
46012 Alborache	1960	914
46012 Alborache	1950	1.000
46012 Alborache	1940	981
46012 Alborache	1930	950
46012 Alborache	1920	1.017
46012 Alborache	1910	1.107
46012 Alborache	1900	1.244
46013 Alboraia/Alboraya	1991	11.687
46013 Alboraia/Alboraya	1981	10.727
46013 Alboraia/Alboraya	1970	9.126
46013 Alboraia/Alboraya	1960	8.073
46013 Alboraia/Alboraya	1950	6.885
46013 Alboraia/Alboraya	1940	6.749
46013 Alboraia/Alboraya	1930	6.124
46013 Alboraia/Alboraya	1920	5.712
46013 Alboraia/Alboraya	1910	4.807
46013 Alboraia/Alboraya	1900	4.700
46014 Albuixech	1991	2.963
46014 Albuixech	1981	2.974
46014 Albuixech	1970	2.641
46014 Albuixech	1960	2.407
46014 Albuixech	1950	2.310
46014 Albuixech	1940	2.301
46014 Albuixech	1930	2.248
46014 Albuixech	1920	2.047
46014 Albuixech	1910	1.924
46014 Albuixech	1900	1.514
46016 Alcàntera de Xúquer	1991	1.483
46016 Alcàntera de Xúquer	1981	1.418
46016 Alcàntera de Xúquer	1970	1.231
46016 Alcàntera de Xúquer	1960	1.211
46016 Alcàntera de Xúquer	1950	1.129
46016 Alcàntera de Xúquer	1940	1.001
46016 Alcàntera de Xúquer	1930	1.214
46016 Alcàntera de Xúquer	1920	1.128
46016 Alcàntera de Xúquer	1910	1.118
46016 Alcàntera de Xúquer	1900	921
46015 Alcàsser	1991	7.191
46015 Alcàsser	1981	6.555
46015 Alcàsser	1970	5.449
46015 Alcàsser	1960	4.679
46015 Alcàsser	1950	4.473
46015 Alcàsser	1940	4.368
46015 Alcàsser	1930	4.055
46015 Alcàsser	1920	3.530
46015 Alcàsser	1910	3.411
46015 Alcàsser	1900	3.200
46018 Alcublas	1991	852
46018 Alcublas	1981	988
46018 Alcublas	1970	1.119
46018 Alcublas	1960	1.486
46018 Alcublas	1950	1.822
46018 Alcublas	1940	1.981
46018 Alcublas	1930	2.094
46018 Alcublas	1920	2.714
46018 Alcublas	1910	2.763
46018 Alcublas	1900	2.775
46020 Alcúdia de Crespins, l'	1991	4.112
46020 Alcúdia de Crespins, l'	1981	4.081
46020 Alcúdia de Crespins, l'	1970	3.724
46020 Alcúdia de Crespins, l'	1960	2.544
46020 Alcúdia de Crespins, l'	1950	2.176
46020 Alcúdia de Crespins, l'	1940	2.092
46020 Alcúdia de Crespins, l'	1930	1.923
46020 Alcúdia de Crespins, l'	1920	1.613
46020 Alcúdia de Crespins, l'	1910	1.669
46020 Alcúdia de Crespins, l'	1900	1.398
46019 Alcúdia, l'	1991	9.988
46019 Alcúdia, l'	1981	10.016
46019 Alcúdia, l'	1970	8.151
46019 Alcúdia, l'	1960	6.855
46019 Alcúdia, l'	1950	6.265
46019 Alcúdia, l'	1940	5.621
46019 Alcúdia, l'	1930	5.062
46019 Alcúdia, l'	1920	4.242
46019 Alcúdia, l'	1910	4.180
46019 Alcúdia, l'	1900	3.312
46021 Aldaia	1991	22.350
46021 Aldaia	1981	20.800
46021 Aldaia	1970	16.157
46021 Aldaia	1960	9.579
46021 Aldaia	1950	6.382
46021 Aldaia	1940	4.570
46021 Aldaia	1930	3.974
46021 Aldaia	1920	3.423
46021 Aldaia	1910	3.236
46021 Aldaia	1900	2.906
46022 Alfafar	1991	19.996
46022 Alfafar	1981	20.195
46022 Alfafar	1970	13.093
46022 Alfafar	1960	4.394
46022 Alfafar	1950	4.126
46022 Alfafar	1940	3.983
46022 Alfafar	1930	3.531
46022 Alfafar	1920	3.241
46022 Alfafar	1910	2.934
46022 Alfafar	1900	2.552
46024 Alfara de la Baronia	1991	527
46024 Alfara de la Baronia	1981	568
46024 Alfara de la Baronia	1970	659
46024 Alfara de la Baronia	1960	641
46024 Alfara de la Baronia	1950	608
46024 Alfara de la Baronia	1940	575
46024 Alfara de la Baronia	1930	589
46024 Alfara de la Baronia	1920	571
46024 Alfara de la Baronia	1910	621
46024 Alfara de la Baronia	1900	638
46025 Alfara del Patriarca	1991	2.818
46025 Alfara del Patriarca	1981	2.851
46025 Alfara del Patriarca	1970	2.777
46025 Alfara del Patriarca	1960	2.508
46025 Alfara del Patriarca	1950	2.349
46025 Alfara del Patriarca	1940	2.272
46025 Alfara del Patriarca	1930	2.230
46025 Alfara del Patriarca	1920	1.810
46025 Alfara del Patriarca	1910	1.575
46025 Alfara del Patriarca	1900	1.342
46026 Alfarp	1991	1.333
46026 Alfarp	1981	1.239
46026 Alfarp	1970	1.229
46026 Alfarp	1960	1.216
46026 Alfarp	1950	1.390
46026 Alfarp	1940	1.371
46026 Alfarp	1930	1.271
46026 Alfarp	1920	1.166
46026 Alfarp	1910	1.079
46026 Alfarp	1900	1.089
46027 Alfarrasí	1991	1.204
46027 Alfarrasí	1981	1.182
46027 Alfarrasí	1970	1.104
46027 Alfarrasí	1960	841
46027 Alfarrasí	1950	775
46027 Alfarrasí	1940	748
46027 Alfarrasí	1930	729
46027 Alfarrasí	1920	675
46027 Alfarrasí	1910	694
46027 Alfarrasí	1900	686
46023 Alfauir	1991	291
46023 Alfauir	1981	334
46023 Alfauir	1970	397
46023 Alfauir	1960	434
46023 Alfauir	1950	440
46023 Alfauir	1940	455
46023 Alfauir	1930	373
46023 Alfauir	1920	439
46023 Alfauir	1910	486
46023 Alfauir	1900	385
46028 Algar de Palancia	1991	399
46028 Algar de Palancia	1981	438
46028 Algar de Palancia	1970	494
46028 Algar de Palancia	1960	551
46028 Algar de Palancia	1950	628
46028 Algar de Palancia	1940	607
46028 Algar de Palancia	1930	606
46028 Algar de Palancia	1920	603
46028 Algar de Palancia	1910	732
46028 Algar de Palancia	1900	765
46029 Algemesí	1991	25.044
46029 Algemesí	1981	24.552
46029 Algemesí	1970	22.123
46029 Algemesí	1960	19.057
46029 Algemesí	1950	17.849
46029 Algemesí	1940	17.373
46029 Algemesí	1930	14.744
46029 Algemesí	1920	11.590
46029 Algemesí	1910	10.877
46029 Algemesí	1900	8.127
46030 Algímia d'Alfara	1991	867
46030 Algímia d'Alfara	1981	910
46030 Algímia d'Alfara	1970	898
46030 Algímia d'Alfara	1960	867
46030 Algímia d'Alfara	1950	942
46030 Algímia d'Alfara	1940	948
46030 Algímia d'Alfara	1930	1.009
46030 Algímia d'Alfara	1920	941
46030 Algímia d'Alfara	1910	998
46030 Algímia d'Alfara	1900	957
46031 Alginet	1991	11.635
46031 Alginet	1981	11.425
46031 Alginet	1970	10.040
46031 Alginet	1960	8.421
46031 Alginet	1950	7.359
46031 Alginet	1940	7.339
46031 Alginet	1930	6.147
46031 Alginet	1920	6.138
46031 Alginet	1910	6.152
46031 Alginet	1900	5.020
46032 Almàssera	1991	5.396
46032 Almàssera	1981	5.482
46032 Almàssera	1970	4.713
46032 Almàssera	1960	2.965
46032 Almàssera	1950	2.729
46032 Almàssera	1940	2.625
46032 Almàssera	1930	2.335
46032 Almàssera	1920	2.261
46032 Almàssera	1910	1.956
46032 Almàssera	1900	1.675
46033 Almiserà	1991	197
46033 Almiserà	1981	225
46033 Almiserà	1970	295
46033 Almiserà	1960	307
46033 Almiserà	1950	295
46033 Almiserà	1940	296
46033 Almiserà	1930	349
46033 Almiserà	1920	309
46033 Almiserà	1910	307
46033 Almiserà	1900	329
46034 Almoines	1991	1.769
46034 Almoines	1981	1.897
46034 Almoines	1970	1.982
46034 Almoines	1960	1.707
46034 Almoines	1950	1.646
46034 Almoines	1940	1.604
46034 Almoines	1930	1.362
46034 Almoines	1920	1.257
46034 Almoines	1910	961
46034 Almoines	1900	960
46035 Almussafes	1991	6.335
46035 Almussafes	1981	5.017
46035 Almussafes	1970	3.720
46035 Almussafes	1960	3.448
46035 Almussafes	1950	3.359
46035 Almussafes	1940	3.162
46035 Almussafes	1930	2.841
46035 Almussafes	1920	2.822
46035 Almussafes	1910	2.602
46035 Almussafes	1900	2.267
46036 Alpuente	1991	1.155
46036 Alpuente	1981	1.440
46036 Alpuente	1970	1.869
46036 Alpuente	1960	2.144
46036 Alpuente	1950	2.420
46036 Alpuente	1940	2.543
46036 Alpuente	1930	2.493
46036 Alpuente	1920	2.745
46036 Alpuente	1910	3.154
46036 Alpuente	1900	3.070
46037 Alqueria de la Comtessa, l'	1991	1.547
46037 Alqueria de la Comtessa, l'	1981	1.697
46037 Alqueria de la Comtessa, l'	1970	1.601
46037 Alqueria de la Comtessa, l'	1960	1.529
46037 Alqueria de la Comtessa, l'	1950	1.554
46037 Alqueria de la Comtessa, l'	1940	1.642
46037 Alqueria de la Comtessa, l'	1930	1.598
46037 Alqueria de la Comtessa, l'	1920	1.600
46037 Alqueria de la Comtessa, l'	1910	1.472
46037 Alqueria de la Comtessa, l'	1900	1.352
46017 Alzira	1991	40.055
46017 Alzira	1981	37.446
46017 Alzira	1970	32.876
46017 Alzira	1960	26.669
46017 Alzira	1950	24.935
46017 Alzira	1940	24.518
46017 Alzira	1930	21.232
46017 Alzira	1920	20.839
46017 Alzira	1910	22.657
46017 Alzira	1900	20.572
46038 Andilla	1991	184
46038 Andilla	1981	167
46038 Andilla	1970	348
46038 Andilla	1960	728
46038 Andilla	1950	952
46038 Andilla	1940	875
46038 Andilla	1930	1.129
46038 Andilla	1920	1.308
46038 Andilla	1910	1.457
46038 Andilla	1900	1.439
46039 Anna	1991	2.664
46039 Anna	1981	2.548
46039 Anna	1970	2.426
46039 Anna	1960	2.546
46039 Anna	1950	2.634
46039 Anna	1940	2.472
46039 Anna	1930	2.227
46039 Anna	1920	2.288
46039 Anna	1910	2.230
46039 Anna	1900	2.111
46040 Antella	1991	1.589
46040 Antella	1981	1.632
46040 Antella	1970	1.797
46040 Antella	1960	2.175
46040 Antella	1950	1.864
46040 Antella	1940	1.898
46040 Antella	1930	1.809
46040 Antella	1920	1.724
46040 Antella	1910	1.543
46040 Antella	1900	1.421
46041 Aras de los Olmos	1991	407
46041 Aras de los Olmos	1981	536
46041 Aras de los Olmos	1970	752
46041 Aras de los Olmos	1960	1.163
46041 Aras de los Olmos	1950	1.363
46041 Aras de los Olmos	1940	1.377
46041 Aras de los Olmos	1930	1.231
46041 Aras de los Olmos	1920	1.291
46041 Aras de los Olmos	1910	1.337
46041 Aras de los Olmos	1900	1.257
46003 Atzeneta d'Albaida	1991	1.231
46003 Atzeneta d'Albaida	1981	1.355
46003 Atzeneta d'Albaida	1970	1.164
46003 Atzeneta d'Albaida	1960	1.157
46003 Atzeneta d'Albaida	1950	1.209
46003 Atzeneta d'Albaida	1940	1.219
46003 Atzeneta d'Albaida	1930	1.257
46003 Atzeneta d'Albaida	1920	998
46003 Atzeneta d'Albaida	1910	990
46003 Atzeneta d'Albaida	1900	993
46044 Ayora	1991	5.402
46044 Ayora	1981	6.083
46044 Ayora	1970	5.691
46044 Ayora	1960	6.412
46044 Ayora	1950	6.870
46044 Ayora	1940	6.634
46044 Ayora	1930	6.552
46044 Ayora	1920	6.638
46044 Ayora	1910	6.460
46044 Ayora	1900	4.980
46046 Barx	1991	996
46046 Barx	1981	967
46046 Barx	1970	880
46046 Barx	1960	990
46046 Barx	1950	976
46046 Barx	1940	969
46046 Barx	1930	838
46046 Barx	1920	728
46046 Barx	1910	646
46046 Barx	1900	489
46045 Barxeta	1991	1.593
46045 Barxeta	1981	1.513
46045 Barxeta	1970	1.446
46045 Barxeta	1960	1.507
46045 Barxeta	1950	1.508
46045 Barxeta	1940	1.373
46045 Barxeta	1930	1.500
46045 Barxeta	1920	1.272
46045 Barxeta	1910	1.224
46045 Barxeta	1900	1.121
46047 Bèlgida	1991	663
46047 Bèlgida	1981	681
46047 Bèlgida	1970	737
46047 Bèlgida	1960	772
46047 Bèlgida	1950	818
46047 Bèlgida	1940	779
46047 Bèlgida	1930	839
46047 Bèlgida	1920	968
46047 Bèlgida	1910	953
46047 Bèlgida	1900	1.053
46048 Bellreguard	1991	3.666
46048 Bellreguard	1981	3.740
46048 Bellreguard	1970	3.545
46048 Bellreguard	1960	3.259
46048 Bellreguard	1950	3.128
46048 Bellreguard	1940	2.931
46048 Bellreguard	1930	2.880
46048 Bellreguard	1920	2.251
46048 Bellreguard	1910	2.484
46048 Bellreguard	1900	2.476
46049 Bellús	1991	413
46049 Bellús	1981	407
46049 Bellús	1970	421
46049 Bellús	1960	422
46049 Bellús	1950	385
46049 Bellús	1940	359
46049 Bellús	1930	377
46049 Bellús	1920	368
46049 Bellús	1910	350
46049 Bellús	1900	325
46050 Benagéber	1991	109
46050 Benagéber	1981	135
46050 Benagéber	1970	426
46050 Benagéber	1960	517
46050 Benagéber	1950	1.401
46050 Benagéber	1940	746
46050 Benagéber	1930	564
46050 Benagéber	1920	685
46050 Benagéber	1910	656
46050 Benagéber	1900	636
46051 Benaguasil	1991	8.744
46051 Benaguasil	1981	8.534
46051 Benaguasil	1970	8.170
46051 Benaguasil	1960	7.690
46051 Benaguasil	1950	8.015
46051 Benaguasil	1940	7.885
46051 Benaguasil	1930	6.623
46051 Benaguasil	1920	6.433
46051 Benaguasil	1910	6.114
46051 Benaguasil	1900	5.807
46052 Benavites	1991	657
46052 Benavites	1981	666
46052 Benavites	1970	669
46052 Benavites	1960	596
46052 Benavites	1950	573
46052 Benavites	1940	572
46052 Benavites	1930	576
46052 Benavites	1920	558
46052 Benavites	1910	512
46052 Benavites	1900	455
46053 Beneixida	1991	378
46053 Beneixida	1981	600
46053 Beneixida	1970	651
46053 Beneixida	1960	585
46053 Beneixida	1950	612
46053 Beneixida	1940	589
46053 Beneixida	1930	547
46053 Beneixida	1920	498
46053 Beneixida	1910	501
46053 Beneixida	1900	476
46054 Benetússer	1991	13.891
46054 Benetússer	1981	13.488
46054 Benetússer	1970	10.062
46054 Benetússer	1960	5.907
46054 Benetússer	1950	3.954
46054 Benetússer	1940	3.436
46054 Benetússer	1930	2.517
46054 Benetússer	1920	1.421
46054 Benetússer	1910	1.216
46054 Benetússer	1900	996
46055 Beniarjó	1991	1.105
46055 Beniarjó	1981	1.291
46055 Beniarjó	1970	1.524
46055 Beniarjó	1960	1.633
46055 Beniarjó	1950	1.363
46055 Beniarjó	1940	1.451
46055 Beniarjó	1930	1.322
46055 Beniarjó	1920	1.229
46055 Beniarjó	1910	969
46055 Beniarjó	1900	984
46056 Beniatjar	1991	251
46056 Beniatjar	1981	279
46056 Beniatjar	1970	312
46056 Beniatjar	1960	354
46056 Beniatjar	1950	421
46056 Beniatjar	1940	410
46056 Beniatjar	1930	418
46056 Beniatjar	1920	450
46056 Beniatjar	1910	519
46056 Beniatjar	1900	560
46057 Benicolet	1991	477
46057 Benicolet	1981	479
46057 Benicolet	1970	522
46057 Benicolet	1960	542
46057 Benicolet	1950	553
46057 Benicolet	1940	558
46057 Benicolet	1930	546
46057 Benicolet	1920	579
46057 Benicolet	1910	522
46057 Benicolet	1900	592
46060 Benifaió	1991	11.850
46060 Benifaió	1981	11.849
46060 Benifaió	1970	10.183
46060 Benifaió	1960	8.095
46060 Benifaió	1950	7.629
46060 Benifaió	1940	7.213
46060 Benifaió	1930	6.551
46060 Benifaió	1920	6.918
46060 Benifaió	1910	5.031
46060 Benifaió	1900	4.267
46059 Benifairó de la Valldigna	1991	1.666
46059 Benifairó de la Valldigna	1981	1.567
46059 Benifairó de la Valldigna	1970	1.641
46059 Benifairó de la Valldigna	1960	1.529
46059 Benifairó de la Valldigna	1950	1.567
46059 Benifairó de la Valldigna	1940	1.509
46059 Benifairó de la Valldigna	1930	1.403
46059 Benifairó de la Valldigna	1920	1.373
46059 Benifairó de la Valldigna	1910	1.451
46059 Benifairó de la Valldigna	1900	1.331
46058 Benifairó de les Valls	1991	1.940
46058 Benifairó de les Valls	1981	1.940
46058 Benifairó de les Valls	1970	1.742
46058 Benifairó de les Valls	1960	1.514
46058 Benifairó de les Valls	1950	1.367
46058 Benifairó de les Valls	1940	1.384
46058 Benifairó de les Valls	1930	1.161
46058 Benifairó de les Valls	1920	978
46058 Benifairó de les Valls	1910	944
46058 Benifairó de les Valls	1900	""
46061 Beniflá	1991	153
46061 Beniflá	1981	164
46061 Beniflá	1970	185
46061 Beniflá	1960	194
46061 Beniflá	1950	165
46061 Beniflá	1940	188
46061 Beniflá	1930	211
46061 Beniflá	1920	159
46061 Beniflá	1910	194
46061 Beniflá	1900	158
46062 Benigànim	1991	5.326
46062 Benigànim	1981	5.077
46062 Benigànim	1970	4.476
46062 Benigànim	1960	3.994
46062 Benigànim	1950	3.560
46062 Benigànim	1940	3.662
46062 Benigànim	1930	3.583
46062 Benigànim	1920	3.398
46062 Benigànim	1910	3.613
46062 Benigànim	1900	3.492
46063 Benimodo	1991	1.722
46063 Benimodo	1981	1.728
46063 Benimodo	1970	1.707
46063 Benimodo	1960	1.536
46063 Benimodo	1950	1.631
46063 Benimodo	1940	1.412
46063 Benimodo	1930	1.221
46063 Benimodo	1920	1.166
46063 Benimodo	1910	1.221
46063 Benimodo	1900	1.157
46064 Benimuslem	1991	572
46064 Benimuslem	1981	562
46064 Benimuslem	1970	604
46064 Benimuslem	1960	662
46064 Benimuslem	1950	621
46064 Benimuslem	1940	579
46064 Benimuslem	1930	462
46064 Benimuslem	1920	422
46064 Benimuslem	1910	432
46064 Benimuslem	1900	398
46065 Beniparrell	1991	1.366
46065 Beniparrell	1981	1.321
46065 Beniparrell	1970	1.044
46065 Beniparrell	1960	1.016
46065 Beniparrell	1950	901
46065 Beniparrell	1940	819
46065 Beniparrell	1930	748
46065 Beniparrell	1920	683
46065 Beniparrell	1910	581
46065 Beniparrell	1900	503
46066 Benirredrà	1991	901
46066 Benirredrà	1981	848
46066 Benirredrà	1970	950
46066 Benirredrà	1960	938
46066 Benirredrà	1950	816
46066 Benirredrà	1940	834
46066 Benirredrà	1930	1.002
46066 Benirredrà	1920	651
46066 Benirredrà	1910	681
46066 Benirredrà	1900	563
46067 Benissanó	1991	1.643
46067 Benissanó	1981	1.611
46067 Benissanó	1970	1.347
46067 Benissanó	1960	1.204
46067 Benissanó	1950	1.283
46067 Benissanó	1940	1.267
46067 Benissanó	1930	1.112
46067 Benissanó	1920	965
46067 Benissanó	1910	984
46067 Benissanó	1900	997
46068 Benissoda	1991	297
46068 Benissoda	1981	276
46068 Benissoda	1970	278
46068 Benissoda	1960	289
46068 Benissoda	1950	276
46068 Benissoda	1940	273
46068 Benissoda	1930	285
46068 Benissoda	1920	311
46068 Benissoda	1910	344
46068 Benissoda	1900	321
46069 Benissuera	1991	205
46069 Benissuera	1981	221
46069 Benissuera	1970	238
46069 Benissuera	1960	242
46069 Benissuera	1950	253
46069 Benissuera	1940	244
46069 Benissuera	1930	242
46069 Benissuera	1920	293
46069 Benissuera	1910	200
46069 Benissuera	1900	299
46070 Bétera	1991	9.717
46070 Bétera	1981	8.827
46070 Bétera	1970	8.046
46070 Bétera	1960	7.114
46070 Bétera	1950	6.624
46070 Bétera	1940	7.228
46070 Bétera	1930	4.415
46070 Bétera	1920	3.893
46070 Bétera	1910	3.248
46070 Bétera	1900	2.855
46071 Bicorp	1991	693
46071 Bicorp	1981	762
46071 Bicorp	1970	837
46071 Bicorp	1960	1.083
46071 Bicorp	1950	1.194
46071 Bicorp	1940	1.294
46071 Bicorp	1930	1.246
46071 Bicorp	1920	994
46071 Bicorp	1910	988
46071 Bicorp	1900	925
46072 Bocairent	1991	4.607
46072 Bocairent	1981	4.881
46072 Bocairent	1970	4.584
46072 Bocairent	1960	4.573
46072 Bocairent	1950	3.961
46072 Bocairent	1940	3.603
46072 Bocairent	1930	3.504
46072 Bocairent	1920	3.849
46072 Bocairent	1910	4.175
46072 Bocairent	1900	3.971
46073 Bolbaite	1991	1.365
46073 Bolbaite	1981	1.312
46073 Bolbaite	1970	1.364
46073 Bolbaite	1960	1.648
46073 Bolbaite	1950	1.807
46073 Bolbaite	1940	1.617
46073 Bolbaite	1930	1.602
46073 Bolbaite	1920	1.300
46073 Bolbaite	1910	1.270
46073 Bolbaite	1900	1.620
46074 Bonrepòs i Mirambell	1991	2.536
46074 Bonrepòs i Mirambell	1981	2.701
46074 Bonrepòs i Mirambell	1970	1.754
46074 Bonrepòs i Mirambell	1960	1.613
46074 Bonrepòs i Mirambell	1950	1.308
46074 Bonrepòs i Mirambell	1940	1.361
46074 Bonrepòs i Mirambell	1930	1.010
46074 Bonrepòs i Mirambell	1920	820
46074 Bonrepòs i Mirambell	1910	727
46074 Bonrepòs i Mirambell	1900	643
46075 Bufali	1991	214
46075 Bufali	1981	287
46075 Bufali	1970	273
46075 Bufali	1960	313
46075 Bufali	1950	288
46075 Bufali	1940	262
46075 Bufali	1930	259
46075 Bufali	1920	275
46075 Bufali	1910	335
46075 Bufali	1900	304
46076 Bugarra	1991	878
46076 Bugarra	1981	933
46076 Bugarra	1970	970
46076 Bugarra	1960	1.178
46076 Bugarra	1950	1.324
46076 Bugarra	1940	1.251
46076 Bugarra	1930	1.306
46076 Bugarra	1920	1.479
46076 Bugarra	1910	1.579
46076 Bugarra	1900	1.404
46077 Buñol	1991	9.076
46077 Buñol	1981	9.087
46077 Buñol	1970	7.851
46077 Buñol	1960	7.215
46077 Buñol	1950	6.419
46077 Buñol	1940	6.011
46077 Buñol	1930	5.294
46077 Buñol	1920	4.773
46077 Buñol	1910	4.747
46077 Buñol	1900	4.832
46078 Burjassot	1991	34.595
46078 Burjassot	1981	35.583
46078 Burjassot	1970	23.283
46078 Burjassot	1960	17.624
46078 Burjassot	1950	12.134
46078 Burjassot	1940	11.235
46078 Burjassot	1930	8.538
46078 Burjassot	1920	6.532
46078 Burjassot	1910	5.101
46078 Burjassot	1900	4.009
46079 Calles	1991	404
46079 Calles	1981	420
46079 Calles	1970	483
46079 Calles	1960	928
46079 Calles	1950	1.045
46079 Calles	1940	1.118
46079 Calles	1930	1.041
46079 Calles	1920	1.184
46079 Calles	1910	1.279
46079 Calles	1900	1.092
46080 Camporrobles	1991	1.414
46080 Camporrobles	1981	1.540
46080 Camporrobles	1970	1.909
46080 Camporrobles	1960	2.143
46080 Camporrobles	1950	2.514
46080 Camporrobles	1940	2.416
46080 Camporrobles	1930	2.423
46080 Camporrobles	1920	2.263
46080 Camporrobles	1910	2.065
46080 Camporrobles	1900	1.960
46081 Canals	1991	12.185
46081 Canals	1981	11.151
46081 Canals	1970	9.080
46081 Canals	1960	7.350
46081 Canals	1950	6.176
46081 Canals	1940	5.821
46081 Canals	1930	5.261
46081 Canals	1920	4.967
46081 Canals	1910	4.857
46081 Canals	1900	4.695
46082 Canet d'En Berenguer	1991	1.539
46082 Canet d'En Berenguer	1981	1.296
46082 Canet d'En Berenguer	1970	1.127
46082 Canet d'En Berenguer	1960	1.208
46082 Canet d'En Berenguer	1950	1.152
46082 Canet d'En Berenguer	1940	1.072
46082 Canet d'En Berenguer	1930	1.178
46082 Canet d'En Berenguer	1920	798
46082 Canet d'En Berenguer	1910	778
46082 Canet d'En Berenguer	1900	630
46083 Carcaixent	1991	20.062
46083 Carcaixent	1981	22.164
46083 Carcaixent	1970	18.971
46083 Carcaixent	1960	17.937
46083 Carcaixent	1950	17.216
46083 Carcaixent	1940	17.846
46083 Carcaixent	1930	15.393
46083 Carcaixent	1920	13.834
46083 Carcaixent	1910	13.520
46083 Carcaixent	1900	12.262
46084 Càrcer	1991	1.998
46084 Càrcer	1981	2.034
46084 Càrcer	1970	2.107
46084 Càrcer	1960	2.008
46084 Càrcer	1950	1.955
46084 Càrcer	1940	1.860
46084 Càrcer	1930	1.392
46084 Càrcer	1920	1.180
46084 Càrcer	1910	1.210
46084 Càrcer	1900	979
46085 Carlet	1991	14.076
46085 Carlet	1981	13.119
46085 Carlet	1970	11.742
46085 Carlet	1960	9.554
46085 Carlet	1950	8.540
46085 Carlet	1940	7.845
46085 Carlet	1930	6.852
46085 Carlet	1920	5.880
46085 Carlet	1910	6.363
46085 Carlet	1900	6.199
46086 Carrícola	1991	63
46086 Carrícola	1981	87
46086 Carrícola	1970	82
46086 Carrícola	1960	106
46086 Carrícola	1950	119
46086 Carrícola	1940	106
46086 Carrícola	1930	129
46086 Carrícola	1920	166
46086 Carrícola	1910	191
46086 Carrícola	1900	193
46087 Casas Altas	1991	153
46087 Casas Altas	1981	214
46087 Casas Altas	1970	253
46087 Casas Altas	1960	479
46087 Casas Altas	1950	646
46087 Casas Altas	1940	612
46087 Casas Altas	1930	721
46087 Casas Altas	1920	702
46087 Casas Altas	1910	619
46087 Casas Altas	1900	703
46088 Casas Bajas	1991	297
46088 Casas Bajas	1981	437
46088 Casas Bajas	1970	583
46088 Casas Bajas	1960	855
46088 Casas Bajas	1950	1.040
46088 Casas Bajas	1940	1.138
46088 Casas Bajas	1930	1.238
46088 Casas Bajas	1920	1.169
46088 Casas Bajas	1910	1.252
46088 Casas Bajas	1900	1.214
46089 Casinos	1991	2.262
46089 Casinos	1981	2.222
46089 Casinos	1970	2.194
46089 Casinos	1960	1.978
46089 Casinos	1950	2.120
46089 Casinos	1940	1.975
46089 Casinos	1930	2.127
46089 Casinos	1920	2.240
46089 Casinos	1910	2.002
46089 Casinos	1900	1.794
46090 Castelló de Rugat	1991	2.059
46090 Castelló de Rugat	1981	2.077
46090 Castelló de Rugat	1970	1.947
46090 Castelló de Rugat	1960	1.671
46090 Castelló de Rugat	1950	1.521
46090 Castelló de Rugat	1940	1.532
46090 Castelló de Rugat	1930	1.516
46090 Castelló de Rugat	1920	1.473
46090 Castelló de Rugat	1910	1.396
46090 Castelló de Rugat	1900	1.499
46091 Castellonet de la Conquesta	1991	89
46091 Castellonet de la Conquesta	1981	97
46091 Castellonet de la Conquesta	1970	93
46091 Castellonet de la Conquesta	1960	144
46091 Castellonet de la Conquesta	1950	135
46091 Castellonet de la Conquesta	1940	149
46091 Castellonet de la Conquesta	1930	136
46091 Castellonet de la Conquesta	1920	192
46091 Castellonet de la Conquesta	1910	192
46091 Castellonet de la Conquesta	1900	240
46092 Castielfabib	1991	642
46092 Castielfabib	1981	782
46092 Castielfabib	1970	1.067
46092 Castielfabib	1960	1.414
46092 Castielfabib	1950	1.812
46092 Castielfabib	1940	2.097
46092 Castielfabib	1930	1.798
46092 Castielfabib	1920	2.028
46092 Castielfabib	1910	2.244
46092 Castielfabib	1900	2.393
46093 Catadau	1991	2.170
46093 Catadau	1981	2.006
46093 Catadau	1970	1.847
46093 Catadau	1960	1.732
46093 Catadau	1950	1.928
46093 Catadau	1940	1.880
46093 Catadau	1930	1.805
46093 Catadau	1920	1.828
46093 Catadau	1910	1.886
46093 Catadau	1900	1.839
46094 Catarroja	1991	20.157
46094 Catarroja	1981	20.195
46094 Catarroja	1970	15.703
46094 Catarroja	1960	11.680
46094 Catarroja	1950	11.204
46094 Catarroja	1940	10.437
46094 Catarroja	1930	9.056
46094 Catarroja	1920	8.308
46094 Catarroja	1910	7.977
46094 Catarroja	1900	7.043
46095 Caudete de las Fuentes	1991	864
46095 Caudete de las Fuentes	1981	1.074
46095 Caudete de las Fuentes	1970	1.145
46095 Caudete de las Fuentes	1960	1.375
46095 Caudete de las Fuentes	1950	1.638
46095 Caudete de las Fuentes	1940	1.534
46095 Caudete de las Fuentes	1930	1.500
46095 Caudete de las Fuentes	1920	1.743
46095 Caudete de las Fuentes	1910	1.662
46095 Caudete de las Fuentes	1900	1.459
46096 Cerdà	1991	257
46096 Cerdà	1981	277
46096 Cerdà	1970	286
46096 Cerdà	1960	361
46096 Cerdà	1950	378
46096 Cerdà	1940	380
46096 Cerdà	1930	400
46096 Cerdà	1920	391
46096 Cerdà	1910	396
46096 Cerdà	1900	404
46107 Chella	1991	2.490
46107 Chella	1981	2.499
46107 Chella	1970	2.501
46107 Chella	1960	2.796
46107 Chella	1950	3.000
46107 Chella	1940	3.002
46107 Chella	1930	2.905
46107 Chella	1920	2.743
46107 Chella	1910	2.641
46107 Chella	1900	2.706
46106 Chelva	1991	2.060
46106 Chelva	1981	2.209
46106 Chelva	1970	3.181
46106 Chelva	1960	3.407
46106 Chelva	1950	3.994
46106 Chelva	1940	4.400
46106 Chelva	1930	4.172
46106 Chelva	1920	5.484
46106 Chelva	1910	5.290
46106 Chelva	1900	5.218
46108 Chera	1991	622
46108 Chera	1981	633
46108 Chera	1970	806
46108 Chera	1960	941
46108 Chera	1950	1.150
46108 Chera	1940	1.099
46108 Chera	1930	1.019
46108 Chera	1920	1.020
46108 Chera	1910	1.203
46108 Chera	1900	981
46109 Cheste	1991	6.726
46109 Cheste	1981	7.424
46109 Cheste	1970	5.966
46109 Cheste	1960	5.221
46109 Cheste	1950	5.210
46109 Cheste	1940	5.100
46109 Cheste	1930	5.101
46109 Cheste	1920	6.110
46109 Cheste	1910	5.826
46109 Cheste	1900	6.039
46111 Chiva	1991	7.562
46111 Chiva	1981	6.421
46111 Chiva	1970	5.394
46111 Chiva	1960	4.326
46111 Chiva	1950	4.403
46111 Chiva	1940	4.747
46111 Chiva	1930	4.542
46111 Chiva	1920	4.843
46111 Chiva	1910	4.816
46111 Chiva	1900	4.975
46112 Chulilla	1991	675
46112 Chulilla	1981	692
46112 Chulilla	1970	871
46112 Chulilla	1960	1.152
46112 Chulilla	1950	1.435
46112 Chulilla	1940	1.350
46112 Chulilla	1930	1.377
46112 Chulilla	1920	1.530
46112 Chulilla	1910	1.474
46112 Chulilla	1900	1.619
46097 Cofrentes	1991	815
46097 Cofrentes	1981	1.124
46097 Cofrentes	1970	966
46097 Cofrentes	1960	1.277
46097 Cofrentes	1950	2.829
46097 Cofrentes	1940	1.677
46097 Cofrentes	1930	1.590
46097 Cofrentes	1920	1.821
46097 Cofrentes	1910	1.890
46097 Cofrentes	1900	1.644
46098 Corbera	1991	3.116
46098 Corbera	1981	3.148
46098 Corbera	1970	3.223
46098 Corbera	1960	3.274
46098 Corbera	1950	3.106
46098 Corbera	1940	2.963
46098 Corbera	1930	2.649
46098 Corbera	1920	2.402
46098 Corbera	1910	2.333
46098 Corbera	1900	2.110
46099 Cortes de Pallás	1991	656
46099 Cortes de Pallás	1981	643
46099 Cortes de Pallás	1970	1.068
46099 Cortes de Pallás	1960	1.703
46099 Cortes de Pallás	1950	2.040
46099 Cortes de Pallás	1940	2.165
46099 Cortes de Pallás	1930	2.336
46099 Cortes de Pallás	1920	2.510
46099 Cortes de Pallás	1910	1.561
46099 Cortes de Pallás	1900	1.340
46100 Cotes	1991	378
46100 Cotes	1981	421
46100 Cotes	1970	461
46100 Cotes	1960	416
46100 Cotes	1950	407
46100 Cotes	1940	372
46100 Cotes	1930	260
46100 Cotes	1920	227
46100 Cotes	1910	246
46100 Cotes	1900	229
46105 Cullera	1991	19.984
46105 Cullera	1981	20.145
46105 Cullera	1970	15.738
46105 Cullera	1960	14.103
46105 Cullera	1950	14.831
46105 Cullera	1940	15.005
46105 Cullera	1930	13.335
46105 Cullera	1920	13.075
46105 Cullera	1910	13.556
46105 Cullera	1900	11.947
46113 Daimús	1991	1.263
46113 Daimús	1981	1.264
46113 Daimús	1970	1.277
46113 Daimús	1960	1.383
46113 Daimús	1950	1.316
46113 Daimús	1940	1.340
46113 Daimús	1930	1.242
46113 Daimús	1920	1.047
46113 Daimús	1910	928
46113 Daimús	1900	891
46114 Domeño	1991	497
46114 Domeño	1981	236
46114 Domeño	1970	466
46114 Domeño	1960	734
46114 Domeño	1950	731
46114 Domeño	1940	861
46114 Domeño	1930	731
46114 Domeño	1920	941
46114 Domeño	1910	996
46114 Domeño	1900	954
46115 Dos Aguas	1991	396
46115 Dos Aguas	1981	450
46115 Dos Aguas	1970	624
46115 Dos Aguas	1960	846
46115 Dos Aguas	1950	928
46115 Dos Aguas	1940	983
46115 Dos Aguas	1930	1.129
46115 Dos Aguas	1920	1.254
46115 Dos Aguas	1910	1.305
46115 Dos Aguas	1900	1.174
46116 Eliana, l'	1991	8.245
46116 Eliana, l'	1981	4.697
46116 Eliana, l'	1970	2.363
46116 Eliana, l'	1960	1.481
46116 Eliana, l'	1950	""
46116 Eliana, l'	1940	""
46116 Eliana, l'	1930	""
46116 Eliana, l'	1920	""
46116 Eliana, l'	1910	""
46116 Eliana, l'	1900	""
46117 Emperador	1991	154
46117 Emperador	1981	""
46117 Emperador	1970	167
46117 Emperador	1960	190
46117 Emperador	1950	230
46117 Emperador	1940	216
46117 Emperador	1930	175
46117 Emperador	1920	143
46117 Emperador	1910	164
46117 Emperador	1900	172
46118 Enguera	1991	4.815
46118 Enguera	1981	5.045
46118 Enguera	1970	5.091
46118 Enguera	1960	5.144
46118 Enguera	1950	5.462
46118 Enguera	1940	5.663
46118 Enguera	1930	5.673
46118 Enguera	1920	5.825
46118 Enguera	1910	5.615
46118 Enguera	1900	5.746
46119 Ènova, l'	1991	1.150
46119 Ènova, l'	1981	1.227
46119 Ènova, l'	1970	1.368
46119 Ènova, l'	1960	1.412
46119 Ènova, l'	1950	1.447
46119 Ènova, l'	1940	1.490
46119 Ènova, l'	1930	1.465
46119 Ènova, l'	1920	1.348
46119 Ènova, l'	1910	1.405
46119 Ènova, l'	1900	1.312
46120 Estivella	1991	1.071
46120 Estivella	1981	1.108
46120 Estivella	1970	1.181
46120 Estivella	1960	1.167
46120 Estivella	1950	1.221
46120 Estivella	1940	1.220
46120 Estivella	1930	1.432
46120 Estivella	1920	1.335
46120 Estivella	1910	1.463
46120 Estivella	1900	1.315
46121 Estubeny	1991	136
46121 Estubeny	1981	164
46121 Estubeny	1970	181
46121 Estubeny	1960	187
46121 Estubeny	1950	236
46121 Estubeny	1940	217
46121 Estubeny	1930	234
46121 Estubeny	1920	247
46121 Estubeny	1910	213
46121 Estubeny	1900	285
46122 Faura	1991	2.784
46122 Faura	1981	2.772
46122 Faura	1970	2.628
46122 Faura	1960	2.287
46122 Faura	1950	1.907
46122 Faura	1940	1.848
46122 Faura	1930	1.669
46122 Faura	1920	1.537
46122 Faura	1910	1.505
46122 Faura	1900	""
46123 Favara	1991	1.671
46123 Favara	1981	1.688
46123 Favara	1970	1.651
46123 Favara	1960	1.679
46123 Favara	1950	1.614
46123 Favara	1940	1.459
46123 Favara	1930	1.251
46123 Favara	1920	1.030
46123 Favara	1910	975
46123 Favara	1900	783
46126 Foios	1991	5.352
46126 Foios	1981	5.255
46126 Foios	1970	4.341
46126 Foios	1960	3.565
46126 Foios	1950	3.321
46126 Foios	1940	3.017
46126 Foios	1930	2.909
46126 Foios	1920	2.376
46126 Foios	1910	2.126
46126 Foios	1900	1.548
46128 Font de la Figuera, la	1991	2.173
46128 Font de la Figuera, la	1981	2.208
46128 Font de la Figuera, la	1970	2.571
46128 Font de la Figuera, la	1960	2.974
46128 Font de la Figuera, la	1950	3.439
46128 Font de la Figuera, la	1940	3.189
46128 Font de la Figuera, la	1930	3.428
46128 Font de la Figuera, la	1920	3.779
46128 Font de la Figuera, la	1910	3.958
46128 Font de la Figuera, la	1900	4.046
46127 Font d'En Carròs, la	1991	3.191
46127 Font d'En Carròs, la	1981	3.306
46127 Font d'En Carròs, la	1970	3.235
46127 Font d'En Carròs, la	1960	3.136
46127 Font d'En Carròs, la	1950	3.015
46127 Font d'En Carròs, la	1940	2.910
46127 Font d'En Carròs, la	1930	2.794
46127 Font d'En Carròs, la	1920	2.495
46127 Font d'En Carròs, la	1910	2.477
46127 Font d'En Carròs, la	1900	2.192
46124 Fontanars dels Alforins	1991	922
46124 Fontanars dels Alforins	1981	1.017
46124 Fontanars dels Alforins	1970	1.125
46124 Fontanars dels Alforins	1960	1.168
46124 Fontanars dels Alforins	1950	1.279
46124 Fontanars dels Alforins	1940	1.261
46124 Fontanars dels Alforins	1930	1.246
46124 Fontanars dels Alforins	1920	""
46124 Fontanars dels Alforins	1910	""
46124 Fontanars dels Alforins	1900	""
46125 Fortaleny	1991	999
46125 Fortaleny	1981	967
46125 Fortaleny	1970	940
46125 Fortaleny	1960	946
46125 Fortaleny	1950	917
46125 Fortaleny	1940	912
46125 Fortaleny	1930	794
46125 Fortaleny	1920	789
46125 Fortaleny	1910	684
46125 Fortaleny	1900	576
46129 Fuenterrobles	1991	727
46129 Fuenterrobles	1981	833
46129 Fuenterrobles	1970	964
46129 Fuenterrobles	1960	1.229
46129 Fuenterrobles	1950	1.398
46129 Fuenterrobles	1940	1.321
46129 Fuenterrobles	1930	1.311
46129 Fuenterrobles	1920	1.488
46129 Fuenterrobles	1910	1.259
46129 Fuenterrobles	1900	1.076
46131 Gandia	1991	52.000
46131 Gandia	1981	48.494
46131 Gandia	1970	36.342
46131 Gandia	1960	20.340
46131 Gandia	1950	20.100
46131 Gandia	1940	19.975
46131 Gandia	1930	14.009
46131 Gandia	1920	12.676
46131 Gandia	1910	11.635
46131 Gandia	1900	10.026
46130 Gavarda	1991	1.229
46130 Gavarda	1981	1.178
46130 Gavarda	1970	1.281
46130 Gavarda	1960	1.381
46130 Gavarda	1950	1.167
46130 Gavarda	1940	1.211
46130 Gavarda	1930	1.146
46130 Gavarda	1920	947
46130 Gavarda	1910	864
46130 Gavarda	1900	746
46132 Genovés, el	1991	2.200
46132 Genovés, el	1981	2.031
46132 Genovés, el	1970	1.823
46132 Genovés, el	1960	1.714
46132 Genovés, el	1950	1.539
46132 Genovés, el	1940	1.380
46132 Genovés, el	1930	1.404
46132 Genovés, el	1920	1.258
46132 Genovés, el	1910	1.286
46132 Genovés, el	1900	1.166
46133 Gestalgar	1991	599
46133 Gestalgar	1981	654
46133 Gestalgar	1970	911
46133 Gestalgar	1960	1.360
46133 Gestalgar	1950	1.625
46133 Gestalgar	1940	1.493
46133 Gestalgar	1930	1.514
46133 Gestalgar	1920	1.778
46133 Gestalgar	1910	1.863
46133 Gestalgar	1900	1.755
46134 Gilet	1991	1.184
46134 Gilet	1981	993
46134 Gilet	1970	1.025
46134 Gilet	1960	1.022
46134 Gilet	1950	823
46134 Gilet	1940	767
46134 Gilet	1930	766
46134 Gilet	1920	739
46134 Gilet	1910	816
46134 Gilet	1900	852
46135 Godella	1991	9.621
46135 Godella	1981	7.804
46135 Godella	1970	5.702
46135 Godella	1960	5.117
46135 Godella	1950	4.702
46135 Godella	1940	4.574
46135 Godella	1930	3.345
46135 Godella	1920	2.861
46135 Godella	1910	2.697
46135 Godella	1900	2.200
46136 Godelleta	1991	1.891
46136 Godelleta	1981	1.816
46136 Godelleta	1970	1.708
46136 Godelleta	1960	1.635
46136 Godelleta	1950	1.678
46136 Godelleta	1940	1.588
46136 Godelleta	1930	1.598
46136 Godelleta	1920	1.540
46136 Godelleta	1910	1.706
46136 Godelleta	1900	1.956
46137 Granja de la Costera, la	1991	360
46137 Granja de la Costera, la	1981	444
46137 Granja de la Costera, la	1970	493
46137 Granja de la Costera, la	1960	482
46137 Granja de la Costera, la	1950	531
46137 Granja de la Costera, la	1940	576
46137 Granja de la Costera, la	1930	535
46137 Granja de la Costera, la	1920	502
46137 Granja de la Costera, la	1910	577
46137 Granja de la Costera, la	1900	490
46138 Guadasséquies	1991	405
46138 Guadasséquies	1981	358
46138 Guadasséquies	1970	360
46138 Guadasséquies	1960	346
46138 Guadasséquies	1950	358
46138 Guadasséquies	1940	337
46138 Guadasséquies	1930	333
46138 Guadasséquies	1920	334
46138 Guadasséquies	1910	325
46138 Guadasséquies	1900	375
46139 Guadassuar	1991	5.355
46139 Guadassuar	1981	5.379
46139 Guadassuar	1970	5.118
46139 Guadassuar	1960	5.014
46139 Guadassuar	1950	4.704
46139 Guadassuar	1940	4.400
46139 Guadassuar	1930	4.037
46139 Guadassuar	1920	3.583
46139 Guadassuar	1910	3.115
46139 Guadassuar	1900	2.676
46140 Guardamar de la Safor	1991	51
46140 Guardamar de la Safor	1981	45
46140 Guardamar de la Safor	1970	109
46140 Guardamar de la Safor	1960	146
46140 Guardamar de la Safor	1950	159
46140 Guardamar de la Safor	1940	179
46140 Guardamar de la Safor	1930	173
46140 Guardamar de la Safor	1920	152
46140 Guardamar de la Safor	1910	114
46140 Guardamar de la Safor	1900	149
46141 Higueruelas	1991	546
46141 Higueruelas	1981	604
46141 Higueruelas	1970	640
46141 Higueruelas	1960	676
46141 Higueruelas	1950	776
46141 Higueruelas	1940	686
46141 Higueruelas	1930	592
46141 Higueruelas	1920	643
46141 Higueruelas	1910	549
46141 Higueruelas	1900	480
46142 Jalance	1991	1.063
46142 Jalance	1981	1.577
46142 Jalance	1970	1.503
46142 Jalance	1960	1.808
46142 Jalance	1950	2.551
46142 Jalance	1940	2.371
46142 Jalance	1930	2.197
46142 Jalance	1920	2.360
46142 Jalance	1910	2.338
46142 Jalance	1900	2.028
46144 Jarafuel	1991	971
46144 Jarafuel	1981	1.403
46144 Jarafuel	1970	1.446
46144 Jarafuel	1960	2.005
46144 Jarafuel	1950	2.558
46144 Jarafuel	1940	2.552
46144 Jarafuel	1930	2.503
46144 Jarafuel	1920	2.508
46144 Jarafuel	1910	2.540
46144 Jarafuel	1900	2.175
46154 Llanera de Ranes	1991	963
46154 Llanera de Ranes	1981	959
46154 Llanera de Ranes	1970	1.005
46154 Llanera de Ranes	1960	945
46154 Llanera de Ranes	1950	976
46154 Llanera de Ranes	1940	907
46154 Llanera de Ranes	1930	922
46154 Llanera de Ranes	1920	939
46154 Llanera de Ranes	1910	988
46154 Llanera de Ranes	1900	890
46155 Llaurí	1991	1.388
46155 Llaurí	1981	1.557
46155 Llaurí	1970	1.681
46155 Llaurí	1960	1.862
46155 Llaurí	1950	1.806
46155 Llaurí	1940	1.817
46155 Llaurí	1930	1.542
46155 Llaurí	1920	1.366
46155 Llaurí	1910	1.432
46155 Llaurí	1900	959
46147 Llíria	1991	13.947
46147 Llíria	1981	12.587
46147 Llíria	1970	11.323
46147 Llíria	1960	9.723
46147 Llíria	1950	9.274
46147 Llíria	1940	10.624
46147 Llíria	1930	8.226
46147 Llíria	1920	9.557
46147 Llíria	1910	9.034
46147 Llíria	1900	8.864
46153 Llocnou de Sant Jeroni	1991	557
46153 Llocnou de Sant Jeroni	1981	585
46153 Llocnou de Sant Jeroni	1970	730
46153 Llocnou de Sant Jeroni	1960	752
46153 Llocnou de Sant Jeroni	1950	681
46153 Llocnou de Sant Jeroni	1940	729
46153 Llocnou de Sant Jeroni	1930	649
46153 Llocnou de Sant Jeroni	1920	566
46153 Llocnou de Sant Jeroni	1910	544
46153 Llocnou de Sant Jeroni	1900	538
46151 Llocnou d'En Fenollet	1991	667
46151 Llocnou d'En Fenollet	1981	635
46151 Llocnou d'En Fenollet	1970	614
46151 Llocnou d'En Fenollet	1960	597
46151 Llocnou d'En Fenollet	1950	628
46151 Llocnou d'En Fenollet	1940	597
46151 Llocnou d'En Fenollet	1930	511
46151 Llocnou d'En Fenollet	1920	452
46151 Llocnou d'En Fenollet	1910	496
46151 Llocnou d'En Fenollet	1900	450
46156 Llombai	1991	2.158
46156 Llombai	1981	2.051
46156 Llombai	1970	1.970
46156 Llombai	1960	2.005
46156 Llombai	1950	2.253
46156 Llombai	1940	2.288
46156 Llombai	1930	2.167
46156 Llombai	1920	2.233
46156 Llombai	1910	2.269
46156 Llombai	1900	2.067
46157 Llosa de Ranes, la	1991	3.539
46157 Llosa de Ranes, la	1981	3.461
46157 Llosa de Ranes, la	1970	3.186
46157 Llosa de Ranes, la	1960	2.872
46157 Llosa de Ranes, la	1950	2.661
46157 Llosa de Ranes, la	1940	2.631
46157 Llosa de Ranes, la	1930	2.582
46157 Llosa de Ranes, la	1920	2.449
46157 Llosa de Ranes, la	1910	2.575
46157 Llosa de Ranes, la	1900	2.257
46150 Llutxent	1991	2.357
46150 Llutxent	1981	2.314
46150 Llutxent	1970	2.234
46150 Llutxent	1960	2.173
46150 Llutxent	1950	2.028
46150 Llutxent	1940	1.890
46150 Llutxent	1930	1.914
46150 Llutxent	1920	1.822
46150 Llutxent	1910	1.577
46150 Llutxent	1900	1.558
46148 Loriguilla	1991	984
46148 Loriguilla	1981	1.000
46148 Loriguilla	1970	794
46148 Loriguilla	1960	885
46148 Loriguilla	1950	757
46148 Loriguilla	1940	843
46148 Loriguilla	1930	740
46148 Loriguilla	1920	861
46148 Loriguilla	1910	854
46148 Loriguilla	1900	784
46149 Losa del Obispo	1991	478
46149 Losa del Obispo	1981	476
46149 Losa del Obispo	1970	596
46149 Losa del Obispo	1960	629
46149 Losa del Obispo	1950	737
46149 Losa del Obispo	1940	691
46149 Losa del Obispo	1930	686
46149 Losa del Obispo	1920	839
46149 Losa del Obispo	1910	796
46149 Losa del Obispo	1900	789
46152 Llocnou de la Corona	1991	123
46152 Llocnou de la Corona	1981	121
46152 Llocnou de la Corona	1970	144
46152 Llocnou de la Corona	1960	204
46152 Llocnou de la Corona	1950	187
46152 Llocnou de la Corona	1940	220
46152 Llocnou de la Corona	1930	226
46152 Llocnou de la Corona	1920	217
46152 Llocnou de la Corona	1910	231
46152 Llocnou de la Corona	1900	256
46158 Macastre	1991	859
46158 Macastre	1981	820
46158 Macastre	1970	773
46158 Macastre	1960	986
46158 Macastre	1950	974
46158 Macastre	1940	1.008
46158 Macastre	1930	1.018
46158 Macastre	1920	993
46158 Macastre	1910	930
46158 Macastre	1900	987
46159 Manises	1991	24.453
46159 Manises	1981	23.975
46159 Manises	1970	19.945
46159 Manises	1960	13.097
46159 Manises	1950	9.173
46159 Manises	1940	7.711
46159 Manises	1930	6.667
46159 Manises	1920	5.010
46159 Manises	1910	4.076
46159 Manises	1900	3.577
46160 Manuel	1991	2.406
46160 Manuel	1981	2.497
46160 Manuel	1970	2.754
46160 Manuel	1960	2.696
46160 Manuel	1950	2.689
46160 Manuel	1940	2.626
46160 Manuel	1930	2.444
46160 Manuel	1920	2.306
46160 Manuel	1910	2.427
46160 Manuel	1900	2.130
46161 Marines	1991	2.964
46161 Marines	1981	2.663
46161 Marines	1970	872
46161 Marines	1960	547
46161 Marines	1950	654
46161 Marines	1940	727
46161 Marines	1930	735
46161 Marines	1920	876
46161 Marines	1910	945
46161 Marines	1900	915
46162 Massalavés	1991	1.454
46162 Massalavés	1981	1.535
46162 Massalavés	1970	1.535
46162 Massalavés	1960	1.429
46162 Massalavés	1950	1.464
46162 Massalavés	1940	1.172
46162 Massalavés	1930	1.087
46162 Massalavés	1920	987
46162 Massalavés	1910	832
46162 Massalavés	1900	796
46163 Massalfassar	1991	1.384
46163 Massalfassar	1981	1.464
46163 Massalfassar	1970	1.559
46163 Massalfassar	1960	1.471
46163 Massalfassar	1950	1.325
46163 Massalfassar	1940	1.224
46163 Massalfassar	1930	1.131
46163 Massalfassar	1920	1.071
46163 Massalfassar	1910	1.030
46163 Massalfassar	1900	853
46164 Massamagrell	1991	12.100
46164 Massamagrell	1981	11.847
46164 Massamagrell	1970	8.985
46164 Massamagrell	1960	5.778
46164 Massamagrell	1950	4.294
46164 Massamagrell	1940	4.027
46164 Massamagrell	1930	3.794
46164 Massamagrell	1920	3.291
46164 Massamagrell	1910	3.003
46164 Massamagrell	1900	2.613
46165 Massanassa	1991	7.632
46165 Massanassa	1981	6.983
46165 Massanassa	1970	6.010
46165 Massanassa	1960	5.053
46165 Massanassa	1950	5.023
46165 Massanassa	1940	4.836
46165 Massanassa	1930	4.272
46165 Massanassa	1920	3.342
46165 Massanassa	1910	3.336
46165 Massanassa	1900	3.229
46166 Meliana	1991	9.122
46166 Meliana	1981	8.847
46166 Meliana	1970	7.122
46166 Meliana	1960	5.173
46166 Meliana	1950	4.659
46166 Meliana	1940	4.530
46166 Meliana	1930	4.002
46166 Meliana	1920	3.392
46166 Meliana	1910	3.199
46166 Meliana	1900	2.696
46167 Millares	1991	762
46167 Millares	1981	827
46167 Millares	1970	1.013
46167 Millares	1960	1.259
46167 Millares	1950	1.428
46167 Millares	1940	1.466
46167 Millares	1930	2.323
46167 Millares	1920	986
46167 Millares	1910	881
46167 Millares	1900	816
46168 Miramar	1991	931
46168 Miramar	1981	909
46168 Miramar	1970	1.046
46168 Miramar	1960	1.038
46168 Miramar	1950	1.108
46168 Miramar	1940	1.123
46168 Miramar	1930	1.026
46168 Miramar	1920	892
46168 Miramar	1910	980
46168 Miramar	1900	880
46169 Mislata	1991	38.740
46169 Mislata	1981	33.384
46169 Mislata	1970	20.020
46169 Mislata	1960	10.931
46169 Mislata	1950	6.970
46169 Mislata	1940	6.638
46169 Mislata	1930	4.962
46169 Mislata	1920	2.580
46169 Mislata	1910	1.729
46169 Mislata	1900	1.411
46170 Mogente/Moixent	1991	4.070
46170 Mogente/Moixent	1981	3.976
46170 Mogente/Moixent	1970	3.710
46170 Mogente/Moixent	1960	3.713
46170 Mogente/Moixent	1950	3.792
46170 Mogente/Moixent	1940	3.812
46170 Mogente/Moixent	1930	3.745
46170 Mogente/Moixent	1920	4.053
46170 Mogente/Moixent	1910	4.187
46170 Mogente/Moixent	1900	4.333
46171 Moncada	1991	18.073
46171 Moncada	1981	16.934
46171 Moncada	1970	13.663
46171 Moncada	1960	8.667
46171 Moncada	1950	7.279
46171 Moncada	1940	5.884
46171 Moncada	1930	5.181
46171 Moncada	1920	4.414
46171 Moncada	1910	4.356
46171 Moncada	1900	3.589
46172 Montserrat	1991	2.535
46172 Montserrat	1981	2.504
46172 Montserrat	1970	2.272
46172 Montserrat	1960	2.011
46172 Montserrat	1950	2.057
46172 Montserrat	1940	2.051
46172 Montserrat	1930	2.099
46172 Montserrat	1920	2.071
46172 Montserrat	1910	2.390
46172 Montserrat	1900	2.450
46173 Montaverner	1991	1.639
46173 Montaverner	1981	1.660
46173 Montaverner	1970	1.553
46173 Montaverner	1960	1.373
46173 Montaverner	1950	1.232
46173 Montaverner	1940	1.179
46173 Montaverner	1930	1.126
46173 Montaverner	1920	986
46173 Montaverner	1910	956
46173 Montaverner	1900	1.009
46174 Montesa	1991	1.251
46174 Montesa	1981	1.192
46174 Montesa	1970	1.211
46174 Montesa	1960	1.264
46174 Montesa	1950	1.337
46174 Montesa	1940	1.317
46174 Montesa	1930	1.254
46174 Montesa	1920	1.297
46174 Montesa	1910	1.425
46174 Montesa	1900	1.346
46175 Montitxelvo/Montichelvo	1991	627
46175 Montitxelvo/Montichelvo	1981	709
46175 Montitxelvo/Montichelvo	1970	644
46175 Montitxelvo/Montichelvo	1960	708
46175 Montitxelvo/Montichelvo	1950	762
46175 Montitxelvo/Montichelvo	1940	769
46175 Montitxelvo/Montichelvo	1930	708
46175 Montitxelvo/Montichelvo	1920	779
46175 Montitxelvo/Montichelvo	1910	820
46175 Montitxelvo/Montichelvo	1900	819
46176 Montroi/Montroy	1991	1.481
46176 Montroi/Montroy	1981	1.342
46176 Montroi/Montroy	1970	1.322
46176 Montroi/Montroy	1960	1.379
46176 Montroi/Montroy	1950	1.519
46176 Montroi/Montroy	1940	1.427
46176 Montroi/Montroy	1930	1.327
46176 Montroi/Montroy	1920	1.449
46176 Montroi/Montroy	1910	1.521
46176 Montroi/Montroy	1900	1.508
46177 Museros	1991	4.097
46177 Museros	1981	4.165
46177 Museros	1970	2.907
46177 Museros	1960	2.524
46177 Museros	1950	2.277
46177 Museros	1940	2.249
46177 Museros	1930	2.119
46177 Museros	1920	1.948
46177 Museros	1910	1.771
46177 Museros	1900	1.576
46178 Nàquera/Náquera	1991	1.449
46178 Nàquera/Náquera	1981	1.462
46178 Nàquera/Náquera	1970	1.267
46178 Nàquera/Náquera	1960	1.056
46178 Nàquera/Náquera	1950	1.024
46178 Nàquera/Náquera	1940	929
46178 Nàquera/Náquera	1930	1.106
46178 Nàquera/Náquera	1920	1.186
46178 Nàquera/Náquera	1910	1.180
46178 Nàquera/Náquera	1900	1.097
46179 Navarrés	1991	2.838
46179 Navarrés	1981	2.615
46179 Navarrés	1970	2.683
46179 Navarrés	1960	2.847
46179 Navarrés	1950	2.867
46179 Navarrés	1940	2.780
46179 Navarrés	1930	2.659
46179 Navarrés	1920	2.619
46179 Navarrés	1910	2.577
46179 Navarrés	1900	2.643
46180 Novelé/Novetlè	1991	562
46180 Novelé/Novetlè	1981	570
46180 Novelé/Novetlè	1970	656
46180 Novelé/Novetlè	1960	738
46180 Novelé/Novetlè	1950	719
46180 Novelé/Novetlè	1940	772
46180 Novelé/Novetlè	1930	747
46180 Novelé/Novetlè	1920	721
46180 Novelé/Novetlè	1910	697
46180 Novelé/Novetlè	1900	612
46181 Oliva	1991	20.311
46181 Oliva	1981	19.580
46181 Oliva	1970	16.772
46181 Oliva	1960	14.579
46181 Oliva	1950	13.343
46181 Oliva	1940	18.407
46181 Oliva	1930	12.178
46181 Oliva	1920	8.995
46181 Oliva	1910	9.619
46181 Oliva	1900	7.956
46183 Olleria, l'	1991	6.791
46183 Olleria, l'	1981	6.349
46183 Olleria, l'	1970	5.703
46183 Olleria, l'	1960	4.580
46183 Olleria, l'	1950	4.212
46183 Olleria, l'	1940	3.916
46183 Olleria, l'	1930	3.737
46183 Olleria, l'	1920	3.459
46183 Olleria, l'	1910	3.761
46183 Olleria, l'	1900	3.777
46182 Olocau	1991	568
46182 Olocau	1981	573
46182 Olocau	1970	559
46182 Olocau	1960	694
46182 Olocau	1950	828
46182 Olocau	1940	829
46182 Olocau	1930	914
46182 Olocau	1920	1.195
46182 Olocau	1910	1.411
46182 Olocau	1900	1.243
46184 Ontinyent	1991	29.511
46184 Ontinyent	1981	28.123
46184 Ontinyent	1970	23.685
46184 Ontinyent	1960	18.787
46184 Ontinyent	1950	14.689
46184 Ontinyent	1940	13.564
46184 Ontinyent	1930	12.342
46184 Ontinyent	1920	12.470
46184 Ontinyent	1910	12.390
46184 Ontinyent	1900	11.430
46185 Otos	1991	562
46185 Otos	1981	545
46185 Otos	1970	543
46185 Otos	1960	520
46185 Otos	1950	592
46185 Otos	1940	614
46185 Otos	1930	671
46185 Otos	1920	683
46185 Otos	1910	729
46185 Otos	1900	825
46186 Paiporta	1991	15.627
46186 Paiporta	1981	14.514
46186 Paiporta	1970	11.224
46186 Paiporta	1960	4.054
46186 Paiporta	1950	3.574
46186 Paiporta	1940	3.182
46186 Paiporta	1930	3.074
46186 Paiporta	1920	2.746
46186 Paiporta	1910	2.506
46186 Paiporta	1900	2.296
46187 Palma de Gandía	1991	1.499
46187 Palma de Gandía	1981	1.511
46187 Palma de Gandía	1970	1.681
46187 Palma de Gandía	1960	1.698
46187 Palma de Gandía	1950	1.479
46187 Palma de Gandía	1940	1.473
46187 Palma de Gandía	1930	1.328
46187 Palma de Gandía	1920	949
46187 Palma de Gandía	1910	985
46187 Palma de Gandía	1900	937
46188 Palmera	1991	477
46188 Palmera	1981	517
46188 Palmera	1970	578
46188 Palmera	1960	564
46188 Palmera	1950	539
46188 Palmera	1940	522
46188 Palmera	1930	506
46188 Palmera	1920	446
46188 Palmera	1910	453
46188 Palmera	1900	458
46189 Palomar, el	1991	502
46189 Palomar, el	1981	507
46189 Palomar, el	1970	539
46189 Palomar, el	1960	553
46189 Palomar, el	1950	587
46189 Palomar, el	1940	597
46189 Palomar, el	1930	645
46189 Palomar, el	1920	657
46189 Palomar, el	1910	681
46189 Palomar, el	1900	705
46190 Paterna	1991	42.855
46190 Paterna	1981	34.425
46190 Paterna	1970	22.944
46190 Paterna	1960	16.951
46190 Paterna	1950	11.724
46190 Paterna	1940	10.008
46190 Paterna	1930	6.353
46190 Paterna	1920	5.042
46190 Paterna	1910	3.781
46190 Paterna	1900	3.509
46191 Pedralba	1991	1.969
46191 Pedralba	1981	2.033
46191 Pedralba	1970	2.155
46191 Pedralba	1960	2.276
46191 Pedralba	1950	2.572
46191 Pedralba	1940	2.565
46191 Pedralba	1930	2.555
46191 Pedralba	1920	2.722
46191 Pedralba	1910	2.967
46191 Pedralba	1900	2.983
46192 Petrés	1991	712
46192 Petrés	1981	520
46192 Petrés	1970	529
46192 Petrés	1960	664
46192 Petrés	1950	534
46192 Petrés	1940	655
46192 Petrés	1930	650
46192 Petrés	1920	688
46192 Petrés	1910	633
46192 Petrés	1900	547
46193 Picanya	1991	7.789
46193 Picanya	1981	7.062
46193 Picanya	1970	5.389
46193 Picanya	1960	4.620
46193 Picanya	1950	3.011
46193 Picanya	1940	2.789
46193 Picanya	1930	2.288
46193 Picanya	1920	1.684
46193 Picanya	1910	1.472
46193 Picanya	1900	1.293
46194 Picassent	1991	14.604
46194 Picassent	1981	13.691
46194 Picassent	1970	11.143
46194 Picassent	1960	8.433
46194 Picassent	1950	6.974
46194 Picassent	1940	6.007
46194 Picassent	1930	5.322
46194 Picassent	1920	4.898
46194 Picassent	1910	4.500
46194 Picassent	1900	4.052
46195 Piles	1991	1.986
46195 Piles	1981	1.943
46195 Piles	1970	1.925
46195 Piles	1960	1.662
46195 Piles	1950	1.727
46195 Piles	1940	1.786
46195 Piles	1930	1.648
46195 Piles	1920	1.579
46195 Piles	1910	1.682
46195 Piles	1900	1.687
46196 Pinet	1991	245
46196 Pinet	1981	260
46196 Pinet	1970	296
46196 Pinet	1960	339
46196 Pinet	1950	341
46196 Pinet	1940	343
46196 Pinet	1930	378
46196 Pinet	1920	434
46196 Pinet	1910	418
46196 Pinet	1900	363
46199 Pobla de Farnals, la	1991	4.501
46199 Pobla de Farnals, la	1981	4.169
46199 Pobla de Farnals, la	1970	2.606
46199 Pobla de Farnals, la	1960	1.550
46199 Pobla de Farnals, la	1950	1.514
46199 Pobla de Farnals, la	1940	1.435
46199 Pobla de Farnals, la	1930	1.326
46199 Pobla de Farnals, la	1920	1.258
46199 Pobla de Farnals, la	1910	1.145
46199 Pobla de Farnals, la	1900	1.081
46202 Pobla de Vallbona, la	1991	8.085
46202 Pobla de Vallbona, la	1981	7.054
46202 Pobla de Vallbona, la	1970	5.626
46202 Pobla de Vallbona, la	1960	4.912
46202 Pobla de Vallbona, la	1950	5.864
46202 Pobla de Vallbona, la	1940	5.404
46202 Pobla de Vallbona, la	1930	4.775
46202 Pobla de Vallbona, la	1920	4.327
46202 Pobla de Vallbona, la	1910	4.035
46202 Pobla de Vallbona, la	1900	3.491
46200 Pobla del Duc, la	1991	2.522
46200 Pobla del Duc, la	1981	2.666
46200 Pobla del Duc, la	1970	2.541
46200 Pobla del Duc, la	1960	2.333
46200 Pobla del Duc, la	1950	2.182
46200 Pobla del Duc, la	1940	1.955
46200 Pobla del Duc, la	1930	2.016
46200 Pobla del Duc, la	1920	1.836
46200 Pobla del Duc, la	1910	1.946
46200 Pobla del Duc, la	1900	1.954
46203 Pobla Llarga, la	1991	4.353
46203 Pobla Llarga, la	1981	4.418
46203 Pobla Llarga, la	1970	4.293
46203 Pobla Llarga, la	1960	4.050
46203 Pobla Llarga, la	1950	4.080
46203 Pobla Llarga, la	1940	3.928
46203 Pobla Llarga, la	1930	3.254
46203 Pobla Llarga, la	1920	3.507
46203 Pobla Llarga, la	1910	3.223
46203 Pobla Llarga, la	1900	2.213
46197 Polinyà de Xúquer	1991	2.946
46197 Polinyà de Xúquer	1981	2.980
46197 Polinyà de Xúquer	1970	2.909
46197 Polinyà de Xúquer	1960	3.061
46197 Polinyà de Xúquer	1950	3.066
46197 Polinyà de Xúquer	1940	3.084
46197 Polinyà de Xúquer	1930	2.829
46197 Polinyà de Xúquer	1920	2.596
46197 Polinyà de Xúquer	1910	2.570
46197 Polinyà de Xúquer	1900	1.925
46198 Potries	1991	964
46198 Potries	1981	971
46198 Potries	1970	1.049
46198 Potries	1960	1.112
46198 Potries	1950	1.042
46198 Potries	1940	1.342
46198 Potries	1930	1.078
46198 Potries	1920	868
46198 Potries	1910	917
46198 Potries	1900	834
46205 Puçol	1991	12.432
46205 Puçol	1981	11.466
46205 Puçol	1970	9.647
46205 Puçol	1960	6.984
46205 Puçol	1950	5.456
46205 Puçol	1940	4.959
46205 Puçol	1930	4.562
46205 Puçol	1920	4.110
46205 Puçol	1910	4.028
46205 Puçol	1900	3.702
46201 Puebla de San Miguel	1991	35
46201 Puebla de San Miguel	1981	45
46201 Puebla de San Miguel	1970	96
46201 Puebla de San Miguel	1960	287
46201 Puebla de San Miguel	1950	357
46201 Puebla de San Miguel	1940	369
46201 Puebla de San Miguel	1930	375
46201 Puebla de San Miguel	1920	399
46201 Puebla de San Miguel	1910	369
46201 Puebla de San Miguel	1900	377
46204 Puig de Santa Maria, el	1991	6.430
46204 Puig de Santa Maria, el	1981	5.111
46204 Puig de Santa Maria, el	1970	4.497
46204 Puig de Santa Maria, el	1960	3.522
46204 Puig de Santa Maria, el	1950	3.390
46204 Puig de Santa Maria, el	1940	5.139
46204 Puig de Santa Maria, el	1930	2.620
46204 Puig de Santa Maria, el	1920	2.558
46204 Puig de Santa Maria, el	1910	2.420
46204 Puig de Santa Maria, el	1900	1.923
46101 Quart de les Valls	1991	1.079
46101 Quart de les Valls	1981	1.122
46101 Quart de les Valls	1970	1.127
46101 Quart de les Valls	1960	1.188
46101 Quart de les Valls	1950	1.092
46101 Quart de les Valls	1940	1.107
46101 Quart de les Valls	1930	1.104
46101 Quart de les Valls	1920	1.037
46101 Quart de les Valls	1910	1.029
46101 Quart de les Valls	1900	918
46102 Quart de Poblet	1991	27.404
46102 Quart de Poblet	1981	27.409
46102 Quart de Poblet	1970	20.529
46102 Quart de Poblet	1960	10.571
46102 Quart de Poblet	1950	5.408
46102 Quart de Poblet	1940	3.993
46102 Quart de Poblet	1930	3.152
46102 Quart de Poblet	1920	2.644
46102 Quart de Poblet	1910	2.263
46102 Quart de Poblet	1900	1.814
46103 Quartell	1991	1.331
46103 Quartell	1981	1.411
46103 Quartell	1970	1.260
46103 Quartell	1960	1.265
46103 Quartell	1950	1.114
46103 Quartell	1940	1.182
46103 Quartell	1930	1.093
46103 Quartell	1920	1.073
46103 Quartell	1910	1.077
46103 Quartell	1900	999
46104 Quatretonda	1991	2.577
46104 Quatretonda	1981	2.540
46104 Quatretonda	1970	2.402
46104 Quatretonda	1960	2.334
46104 Quatretonda	1950	2.298
46104 Quatretonda	1940	2.198
46104 Quatretonda	1930	2.202
46104 Quatretonda	1920	2.119
46104 Quatretonda	1910	2.115
46104 Quatretonda	1900	2.114
46206 Quesa	1991	776
46206 Quesa	1981	796
46206 Quesa	1970	893
46206 Quesa	1960	1.163
46206 Quesa	1950	1.407
46206 Quesa	1940	1.374
46206 Quesa	1930	1.346
46206 Quesa	1920	1.089
46206 Quesa	1910	989
46206 Quesa	1900	943
46207 Rafelbunyol	1991	4.934
46207 Rafelbunyol	1981	4.914
46207 Rafelbunyol	1970	4.315
46207 Rafelbunyol	1960	3.281
46207 Rafelbunyol	1950	2.916
46207 Rafelbunyol	1940	2.611
46207 Rafelbunyol	1930	2.520
46207 Rafelbunyol	1920	2.141
46207 Rafelbunyol	1910	1.949
46207 Rafelbunyol	1900	1.689
46208 Rafelcofer	1991	1.461
46208 Rafelcofer	1981	1.496
46208 Rafelcofer	1970	1.421
46208 Rafelcofer	1960	1.599
46208 Rafelcofer	1950	1.708
46208 Rafelcofer	1940	1.811
46208 Rafelcofer	1930	1.805
46208 Rafelcofer	1920	1.733
46208 Rafelcofer	1910	1.854
46208 Rafelcofer	1900	1.783
46209 Rafelguaraf	1991	2.410
46209 Rafelguaraf	1981	2.345
46209 Rafelguaraf	1970	2.140
46209 Rafelguaraf	1960	2.325
46209 Rafelguaraf	1950	2.323
46209 Rafelguaraf	1940	2.062
46209 Rafelguaraf	1930	1.941
46209 Rafelguaraf	1920	1.591
46209 Rafelguaraf	1910	1.591
46209 Rafelguaraf	1900	1.217
46210 Ráfol de Salem	1991	376
46210 Ráfol de Salem	1981	410
46210 Ráfol de Salem	1970	523
46210 Ráfol de Salem	1960	520
46210 Ráfol de Salem	1950	516
46210 Ráfol de Salem	1940	533
46210 Ráfol de Salem	1930	537
46210 Ráfol de Salem	1920	552
46210 Ráfol de Salem	1910	572
46210 Ráfol de Salem	1900	593
46211 Real de Gandia, el	1991	1.872
46211 Real de Gandia, el	1981	1.844
46211 Real de Gandia, el	1970	1.856
46211 Real de Gandia, el	1960	1.903
46211 Real de Gandia, el	1950	1.752
46211 Real de Gandia, el	1940	1.894
46211 Real de Gandia, el	1930	1.601
46211 Real de Gandia, el	1920	1.514
46211 Real de Gandia, el	1910	1.575
46211 Real de Gandia, el	1900	1.405
46212 Real	1991	1.828
46212 Real	1981	1.832
46212 Real	1970	1.804
46212 Real	1960	1.765
46212 Real	1950	1.746
46212 Real	1940	1.678
46212 Real	1930	1.655
46212 Real	1920	1.615
46212 Real	1910	1.619
46212 Real	1900	1.574
46213 Requena	1991	17.014
46213 Requena	1981	18.152
46213 Requena	1970	17.840
46213 Requena	1960	18.933
46213 Requena	1950	20.253
46213 Requena	1940	19.422
46213 Requena	1930	17.650
46213 Requena	1920	18.818
46213 Requena	1910	17.658
46213 Requena	1900	16.236
46214 Riba-roja de Túria	1991	9.815
46214 Riba-roja de Túria	1981	8.035
46214 Riba-roja de Túria	1970	7.058
46214 Riba-roja de Túria	1960	5.781
46214 Riba-roja de Túria	1950	4.888
46214 Riba-roja de Túria	1940	4.764
46214 Riba-roja de Túria	1930	4.458
46214 Riba-roja de Túria	1920	4.372
46214 Riba-roja de Túria	1910	4.001
46214 Riba-roja de Túria	1900	3.624
46215 Riola	1991	1.630
46215 Riola	1981	1.743
46215 Riola	1970	1.597
46215 Riola	1960	1.601
46215 Riola	1950	1.602
46215 Riola	1940	1.556
46215 Riola	1930	1.460
46215 Riola	1920	1.362
46215 Riola	1910	1.361
46215 Riola	1900	1.058
46216 Rocafort	1991	4.055
46216 Rocafort	1981	3.087
46216 Rocafort	1970	2.200
46216 Rocafort	1960	1.550
46216 Rocafort	1950	1.299
46216 Rocafort	1940	1.267
46216 Rocafort	1930	969
46216 Rocafort	1920	831
46216 Rocafort	1910	717
46216 Rocafort	1900	526
46217 Rotglà i Corberà	1991	988
46217 Rotglà i Corberà	1981	1.068
46217 Rotglà i Corberà	1970	1.062
46217 Rotglà i Corberà	1960	1.004
46217 Rotglà i Corberà	1950	1.017
46217 Rotglà i Corberà	1940	1.096
46217 Rotglà i Corberà	1930	1.006
46217 Rotglà i Corberà	1920	970
46217 Rotglà i Corberà	1910	990
46217 Rotglà i Corberà	1900	973
46218 Ròtova	1991	1.261
46218 Ròtova	1981	1.396
46218 Ròtova	1970	1.347
46218 Ròtova	1960	1.250
46218 Ròtova	1950	1.183
46218 Ròtova	1940	1.191
46218 Ròtova	1930	1.160
46218 Ròtova	1920	1.003
46218 Ròtova	1910	1.141
46218 Ròtova	1900	1.090
46219 Rugat	1991	199
46219 Rugat	1981	235
46219 Rugat	1970	261
46219 Rugat	1960	284
46219 Rugat	1950	288
46219 Rugat	1940	278
46219 Rugat	1930	248
46219 Rugat	1920	240
46219 Rugat	1910	207
46219 Rugat	1900	179
46220 Sagunto/Sagunt	1991	55.957
46220 Sagunto/Sagunt	1981	54.759
46220 Sagunto/Sagunt	1970	47.026
46220 Sagunto/Sagunt	1960	40.293
46220 Sagunto/Sagunt	1950	26.932
46220 Sagunto/Sagunt	1940	20.253
46220 Sagunto/Sagunt	1930	20.235
46220 Sagunto/Sagunt	1920	10.417
46220 Sagunto/Sagunt	1910	9.057
46220 Sagunto/Sagunt	1900	7.139
46221 Salem	1991	451
46221 Salem	1981	498
46221 Salem	1970	614
46221 Salem	1960	640
46221 Salem	1950	662
46221 Salem	1940	675
46221 Salem	1930	673
46221 Salem	1920	742
46221 Salem	1910	778
46221 Salem	1900	750
46222 Sant Joanet	1991	360
46222 Sant Joanet	1981	374
46222 Sant Joanet	1970	408
46222 Sant Joanet	1960	527
46222 Sant Joanet	1950	531
46222 Sant Joanet	1940	470
46222 Sant Joanet	1930	417
46222 Sant Joanet	1920	406
46222 Sant Joanet	1910	464
46222 Sant Joanet	1900	383
46223 Sedaví	1991	8.069
46223 Sedaví	1981	8.213
46223 Sedaví	1970	5.450
46223 Sedaví	1960	3.544
46223 Sedaví	1950	2.987
46223 Sedaví	1940	2.767
46223 Sedaví	1930	2.550
46223 Sedaví	1920	2.009
46223 Sedaví	1910	1.988
46223 Sedaví	1900	1.827
46224 Segart	1991	136
46224 Segart	1981	132
46224 Segart	1970	149
46224 Segart	1960	164
46224 Segart	1950	184
46224 Segart	1940	171
46224 Segart	1930	219
46224 Segart	1920	191
46224 Segart	1910	207
46224 Segart	1900	196
46225 Sellent	1991	484
46225 Sellent	1981	513
46225 Sellent	1970	516
46225 Sellent	1960	603
46225 Sellent	1950	583
46225 Sellent	1940	553
46225 Sellent	1930	552
46225 Sellent	1920	432
46225 Sellent	1910	447
46225 Sellent	1900	391
46226 Sempere	1991	47
46226 Sempere	1981	55
46226 Sempere	1970	85
46226 Sempere	1960	119
46226 Sempere	1950	146
46226 Sempere	1940	148
46226 Sempere	1930	166
46226 Sempere	1920	192
46226 Sempere	1910	208
46226 Sempere	1900	200
46227 Senyera	1991	820
46227 Senyera	1981	788
46227 Senyera	1970	740
46227 Senyera	1960	672
46227 Senyera	1950	698
46227 Senyera	1940	574
46227 Senyera	1930	556
46227 Senyera	1920	604
46227 Senyera	1910	584
46227 Senyera	1900	531
46228 Serra	1991	1.420
46228 Serra	1981	1.514
46228 Serra	1970	1.671
46228 Serra	1960	1.823
46228 Serra	1950	1.913
46228 Serra	1940	1.786
46228 Serra	1930	1.468
46228 Serra	1920	1.624
46228 Serra	1910	1.496
46228 Serra	1900	1.371
46229 Siete Aguas	1991	993
46229 Siete Aguas	1981	1.375
46229 Siete Aguas	1970	1.385
46229 Siete Aguas	1960	1.242
46229 Siete Aguas	1950	1.367
46229 Siete Aguas	1940	1.424
46229 Siete Aguas	1930	1.506
46229 Siete Aguas	1920	1.572
46229 Siete Aguas	1910	1.769
46229 Siete Aguas	1900	1.853
46230 Silla	1991	16.525
46230 Silla	1981	16.145
46230 Silla	1970	10.090
46230 Silla	1960	7.768
46230 Silla	1950	7.117
46230 Silla	1940	6.639
46230 Silla	1930	6.732
46230 Silla	1920	6.243
46230 Silla	1910	4.973
46230 Silla	1900	4.421
46231 Simat de la Valldigna	1991	3.085
46231 Simat de la Valldigna	1981	3.169
46231 Simat de la Valldigna	1970	3.418
46231 Simat de la Valldigna	1960	3.186
46231 Simat de la Valldigna	1950	3.337
46231 Simat de la Valldigna	1940	3.542
46231 Simat de la Valldigna	1930	3.118
46231 Simat de la Valldigna	1920	2.705
46231 Simat de la Valldigna	1910	2.841
46231 Simat de la Valldigna	1900	2.771
46232 Sinarcas	1991	1.231
46232 Sinarcas	1981	1.355
46232 Sinarcas	1970	1.507
46232 Sinarcas	1960	1.639
46232 Sinarcas	1950	1.642
46232 Sinarcas	1940	1.579
46232 Sinarcas	1930	1.432
46232 Sinarcas	1920	1.349
46232 Sinarcas	1910	1.286
46232 Sinarcas	1900	1.154
46233 Sollana	1991	4.088
46233 Sollana	1981	4.324
46233 Sollana	1970	4.017
46233 Sollana	1960	4.060
46233 Sollana	1950	4.024
46233 Sollana	1940	3.726
46233 Sollana	1930	3.457
46233 Sollana	1920	3.493
46233 Sollana	1910	3.171
46233 Sollana	1900	1.819
46234 Sot de Chera	1991	281
46234 Sot de Chera	1981	297
46234 Sot de Chera	1970	445
46234 Sot de Chera	1960	529
46234 Sot de Chera	1950	740
46234 Sot de Chera	1940	720
46234 Sot de Chera	1930	715
46234 Sot de Chera	1920	776
46234 Sot de Chera	1910	825
46234 Sot de Chera	1900	699
46235 Sueca	1991	22.932
46235 Sueca	1981	24.195
46235 Sueca	1970	21.500
46235 Sueca	1960	20.612
46235 Sueca	1950	20.290
46235 Sueca	1940	19.890
46235 Sueca	1930	17.571
46235 Sueca	1920	17.915
46235 Sueca	1910	17.178
46235 Sueca	1900	14.435
46236 Sumacàrcer	1991	1.354
46236 Sumacàrcer	1981	1.397
46236 Sumacàrcer	1970	1.586
46236 Sumacàrcer	1960	1.650
46236 Sumacàrcer	1950	1.567
46236 Sumacàrcer	1940	1.557
46236 Sumacàrcer	1930	1.455
46236 Sumacàrcer	1920	1.463
46236 Sumacàrcer	1910	1.562
46236 Sumacàrcer	1900	988
46237 Tavernes Blanques	1991	8.012
46237 Tavernes Blanques	1981	7.191
46237 Tavernes Blanques	1970	4.264
46237 Tavernes Blanques	1960	3.270
46237 Tavernes Blanques	1950	2.182
46237 Tavernes Blanques	1940	2.115
46237 Tavernes Blanques	1930	1.663
46237 Tavernes Blanques	1920	960
46237 Tavernes Blanques	1910	784
46237 Tavernes Blanques	1900	607
46238 Tavernes de la Valldigna	1991	16.062
46238 Tavernes de la Valldigna	1981	15.597
46238 Tavernes de la Valldigna	1970	13.962
46238 Tavernes de la Valldigna	1960	12.890
46238 Tavernes de la Valldigna	1950	12.168
46238 Tavernes de la Valldigna	1940	11.411
46238 Tavernes de la Valldigna	1930	10.249
46238 Tavernes de la Valldigna	1920	9.563
46238 Tavernes de la Valldigna	1910	9.061
46238 Tavernes de la Valldigna	1900	7.990
46239 Teresa de Cofrentes	1991	729
46239 Teresa de Cofrentes	1981	1.080
46239 Teresa de Cofrentes	1970	1.431
46239 Teresa de Cofrentes	1960	1.835
46239 Teresa de Cofrentes	1950	1.916
46239 Teresa de Cofrentes	1940	1.867
46239 Teresa de Cofrentes	1930	1.858
46239 Teresa de Cofrentes	1920	1.849
46239 Teresa de Cofrentes	1910	2.080
46239 Teresa de Cofrentes	1900	1.691
46240 Terrateig	1991	188
46240 Terrateig	1981	240
46240 Terrateig	1970	345
46240 Terrateig	1960	360
46240 Terrateig	1950	375
46240 Terrateig	1940	364
46240 Terrateig	1930	349
46240 Terrateig	1920	384
46240 Terrateig	1910	366
46240 Terrateig	1900	352
46241 Titaguas	1991	607
46241 Titaguas	1981	682
46241 Titaguas	1970	742
46241 Titaguas	1960	915
46241 Titaguas	1950	997
46241 Titaguas	1940	986
46241 Titaguas	1930	1.026
46241 Titaguas	1920	1.170
46241 Titaguas	1910	1.199
46241 Titaguas	1900	1.106
46242 Torrebaja	1991	455
46242 Torrebaja	1981	403
46242 Torrebaja	1970	671
46242 Torrebaja	1960	775
46242 Torrebaja	1950	872
46242 Torrebaja	1940	970
46242 Torrebaja	1930	896
46242 Torrebaja	1920	1.016
46242 Torrebaja	1910	964
46242 Torrebaja	1900	898
46243 Torrella	1991	171
46243 Torrella	1981	181
46243 Torrella	1970	213
46243 Torrella	1960	233
46243 Torrella	1950	236
46243 Torrella	1940	267
46243 Torrella	1930	283
46243 Torrella	1920	258
46243 Torrella	1910	263
46243 Torrella	1900	251
46244 Torrent	1991	56.191
46244 Torrent	1981	51.361
46244 Torrent	1970	39.724
46244 Torrent	1960	24.042
46244 Torrent	1950	15.974
46244 Torrent	1940	13.586
46244 Torrent	1930	10.443
46244 Torrent	1920	9.952
46244 Torrent	1910	9.490
46244 Torrent	1900	8.561
46245 Torres Torres	1991	375
46245 Torres Torres	1981	403
46245 Torres Torres	1970	430
46245 Torres Torres	1960	476
46245 Torres Torres	1950	521
46245 Torres Torres	1940	501
46245 Torres Torres	1930	508
46245 Torres Torres	1920	469
46245 Torres Torres	1910	501
46245 Torres Torres	1900	542
46246 Tous	1991	1.258
46246 Tous	1981	1.173
46246 Tous	1970	1.020
46246 Tous	1960	1.715
46246 Tous	1950	1.456
46246 Tous	1940	1.366
46246 Tous	1930	1.418
46246 Tous	1920	1.715
46246 Tous	1910	1.838
46246 Tous	1900	1.659
46247 Tuéjar	1991	1.329
46247 Tuéjar	1981	1.531
46247 Tuéjar	1970	1.776
46247 Tuéjar	1960	1.897
46247 Tuéjar	1950	2.316
46247 Tuéjar	1940	2.398
46247 Tuéjar	1930	1.973
46247 Tuéjar	1920	2.198
46247 Tuéjar	1910	2.243
46247 Tuéjar	1900	1.881
46248 Turís	1991	4.171
46248 Turís	1981	3.762
46248 Turís	1970	3.575
46248 Turís	1960	3.990
46248 Turís	1950	3.983
46248 Turís	1940	4.010
46248 Turís	1930	4.431
46248 Turís	1920	4.236
46248 Turís	1910	4.444
46248 Turís	1900	4.802
46249 Utiel	1991	11.392
46249 Utiel	1981	12.021
46249 Utiel	1970	11.384
46249 Utiel	1960	12.542
46249 Utiel	1950	13.365
46249 Utiel	1940	12.411
46249 Utiel	1930	11.875
46249 Utiel	1920	13.137
46249 Utiel	1910	11.777
46249 Utiel	1900	11.642
46250 València	1991	777.427
46250 València	1981	751.734
46250 València	1970	653.690
46250 València	1960	505.066
46250 València	1950	509.075
46250 València	1940	450.756
46250 València	1930	320.195
46250 València	1920	251.258
46250 València	1910	233.348
46250 València	1900	213.550
46251 Vallada	1991	2.944
46251 Vallada	1981	2.706
46251 Vallada	1970	2.500
46251 Vallada	1960	2.458
46251 Vallada	1950	2.316
46251 Vallada	1940	2.363
46251 Vallada	1930	2.482
46251 Vallada	1920	2.576
46251 Vallada	1910	2.719
46251 Vallada	1900	2.757
46252 Vallanca	1991	231
46252 Vallanca	1981	332
46252 Vallanca	1970	463
46252 Vallanca	1960	695
46252 Vallanca	1950	880
46252 Vallanca	1940	974
46252 Vallanca	1930	1.026
46252 Vallanca	1920	1.141
46252 Vallanca	1910	1.143
46252 Vallanca	1900	1.087
46253 Vallés	1991	95
46253 Vallés	1981	133
46253 Vallés	1970	174
46253 Vallés	1960	226
46253 Vallés	1950	247
46253 Vallés	1940	270
46253 Vallés	1930	278
46253 Vallés	1920	276
46253 Vallés	1910	291
46253 Vallés	1900	268
46254 Venta del Moro	1991	1.686
46254 Venta del Moro	1981	2.193
46254 Venta del Moro	1970	2.701
46254 Venta del Moro	1960	3.959
46254 Venta del Moro	1950	4.431
46254 Venta del Moro	1940	4.566
46254 Venta del Moro	1930	4.455
46254 Venta del Moro	1920	4.277
46254 Venta del Moro	1910	3.750
46254 Venta del Moro	1900	3.309
46256 Vilamarxant	1991	4.741
46256 Vilamarxant	1981	4.488
46256 Vilamarxant	1970	4.014
46256 Vilamarxant	1960	3.556
46256 Vilamarxant	1950	3.984
46256 Vilamarxant	1940	4.055
46256 Vilamarxant	1930	3.525
46256 Vilamarxant	1920	3.695
46256 Vilamarxant	1910	3.707
46256 Vilamarxant	1900	3.322
46255 Vilallonga/Villalonga	1991	3.564
46255 Vilallonga/Villalonga	1981	3.730
46255 Vilallonga/Villalonga	1970	3.499
46255 Vilallonga/Villalonga	1960	3.085
46255 Vilallonga/Villalonga	1950	2.918
46255 Vilallonga/Villalonga	1940	3.165
46255 Vilallonga/Villalonga	1930	3.080
46255 Vilallonga/Villalonga	1920	3.238
46255 Vilallonga/Villalonga	1910	3.084
46255 Vilallonga/Villalonga	1900	2.814
46257 Castelló	1991	6.967
46257 Castelló	1981	6.987
46257 Castelló	1970	6.976
46257 Castelló	1960	6.775
46257 Castelló	1950	6.544
46257 Castelló	1940	5.998
46257 Castelló	1930	5.570
46257 Castelló	1920	4.905
46257 Castelló	1910	4.566
46257 Castelló	1900	4.344
46258 Villar del Arzobispo	1991	3.398
46258 Villar del Arzobispo	1981	3.526
46258 Villar del Arzobispo	1970	3.697
46258 Villar del Arzobispo	1960	3.973
46258 Villar del Arzobispo	1950	4.303
46258 Villar del Arzobispo	1940	4.079
46258 Villar del Arzobispo	1930	3.962
46258 Villar del Arzobispo	1920	4.497
46258 Villar del Arzobispo	1910	4.398
46258 Villar del Arzobispo	1900	3.929
46259 Villargordo del Cabriel	1991	793
46259 Villargordo del Cabriel	1981	1.013
46259 Villargordo del Cabriel	1970	1.519
46259 Villargordo del Cabriel	1960	1.857
46259 Villargordo del Cabriel	1950	1.428
46259 Villargordo del Cabriel	1940	1.440
46259 Villargordo del Cabriel	1930	1.481
46259 Villargordo del Cabriel	1920	1.652
46259 Villargordo del Cabriel	1910	1.511
46259 Villargordo del Cabriel	1900	1.372
46260 Vinalesa	1991	2.216
46260 Vinalesa	1981	2.414
46260 Vinalesa	1970	2.210
46260 Vinalesa	1960	2.062
46260 Vinalesa	1950	2.161
46260 Vinalesa	1940	1.872
46260 Vinalesa	1930	1.866
46260 Vinalesa	1920	1.681
46260 Vinalesa	1910	1.463
46260 Vinalesa	1900	1.272
46145 Xàtiva	1991	24.586
46145 Xàtiva	1981	23.755
46145 Xàtiva	1970	21.578
46145 Xàtiva	1960	19.896
46145 Xàtiva	1950	18.092
46145 Xàtiva	1940	18.263
46145 Xàtiva	1930	15.087
46145 Xàtiva	1920	14.148
46145 Xàtiva	1910	12.737
46145 Xàtiva	1900	12.600
46143 Xeraco	1991	4.567
46143 Xeraco	1981	4.271
46143 Xeraco	1970	3.631
46143 Xeraco	1960	3.282
46143 Xeraco	1950	3.126
46143 Xeraco	1940	2.623
46143 Xeraco	1930	2.272
46143 Xeraco	1920	2.117
46143 Xeraco	1910	1.881
46143 Xeraco	1900	1.481
46146 Xeresa	1991	1.989
46146 Xeresa	1981	1.996
46146 Xeresa	1970	2.089
46146 Xeresa	1960	2.060
46146 Xeresa	1950	2.028
46146 Xeresa	1940	2.047
46146 Xeresa	1930	2.002
46146 Xeresa	1920	1.447
46146 Xeresa	1910	1.230
46146 Xeresa	1900	1.116
46110 Xirivella	1991	26.103
46110 Xirivella	1981	24.124
46110 Xirivella	1970	20.063
46110 Xirivella	1960	9.250
46110 Xirivella	1950	4.707
46110 Xirivella	1940	2.981
46110 Xirivella	1930	2.413
46110 Xirivella	1920	1.727
46110 Xirivella	1910	1.655
46110 Xirivella	1900	1.429
46261 Yátova	1991	1.997
46261 Yátova	1981	2.005
46261 Yátova	1970	1.991
46261 Yátova	1960	2.174
46261 Yátova	1950	2.296
46261 Yátova	1940	2.164
46261 Yátova	1930	2.046
46261 Yátova	1920	2.478
46261 Yátova	1910	2.347
46261 Yátova	1900	2.173
46262 Yesa, La	1991	302
46262 Yesa, La	1981	360
46262 Yesa, La	1970	628
46262 Yesa, La	1960	779
46262 Yesa, La	1950	812
46262 Yesa, La	1940	853
46262 Yesa, La	1930	847
46262 Yesa, La	1920	954
46262 Yesa, La	1910	949
46262 Yesa, La	1900	947
46263 Zarra	1991	425
46263 Zarra	1981	663
46263 Zarra	1970	687
46263 Zarra	1960	871
46263 Zarra	1950	1.004
46263 Zarra	1940	1.003
46263 Zarra	1930	1.017
46263 Zarra	1920	1.003
46263 Zarra	1910	999
46263 Zarra	1900	873
46999 Población en municipios desaparecidos de Valencia/València	1991	""
46999 Población en municipios desaparecidos de Valencia/València	1981	""
46999 Población en municipios desaparecidos de Valencia/València	1970	""
46999 Población en municipios desaparecidos de Valencia/València	1960	5.642
46999 Población en municipios desaparecidos de Valencia/València	1950	3.836
46999 Población en municipios desaparecidos de Valencia/València	1940	3.798
46999 Población en municipios desaparecidos de Valencia/València	1930	3.509
46999 Población en municipios desaparecidos de Valencia/València	1920	3.208
46999 Población en municipios desaparecidos de Valencia/València	1910	3.114
46999 Población en municipios desaparecidos de Valencia/València	1900	5.183
